prioridade,tempo,nome
83390,467,bubble-and-squeak-88
142233,34,steak-and-ale-pie-688
151430,761,bubble-and-squeak-144
155895,531,cottage-pie-785
195253,80,steak-and-ale-pie-959
14734,501,bubble-and-squeak-945
86327,329,poitin-429
185626,112,cottage-pie-630
229398,367,fish-and-chips-915
10789,905,ploughman's-lunch-655
298730,397,bubble-and-squeak-646
167124,638,cottage-pie-242
275730,667,steak-and-ale-pie-704
39414,370,cottage-pie-52
16487,407,poitin-717
36280,846,steak-and-ale-pie-782
50431,579,ploughman's-lunch-614
106731,435,ploughman's-lunch-247
231478,926,fish-and-chips-752
282024,511,fish-and-chips-856
185641,975,poitin-278
139333,369,steak-and-ale-pie-751
280132,70,fish-and-chips-635
258170,80,fish-and-chips-513
77247,928,fish-and-chips-74
283426,349,steak-and-ale-pie-847
186363,946,ploughman's-lunch-258
236390,563,steak-and-ale-pie-715
27353,204,fish-and-chips-511
290401,69,poitin-155
222457,830,fish-and-chips-380
243699,446,ploughman's-lunch-181
85151,162,cottage-pie-688
201888,509,poitin-867
42713,78,bubble-and-squeak-821
272576,341,fish-and-chips-989
133485,580,cottage-pie-536
33146,860,bubble-and-squeak-140
156057,486,bubble-and-squeak-30
63972,469,steak-and-ale-pie-607
162336,213,fish-and-chips-335
106525,258,fish-and-chips-788
248736,920,ploughman's-lunch-803
84244,184,bubble-and-squeak-702
218580,199,cottage-pie-758
277232,871,steak-and-ale-pie-92
91527,184,cottage-pie-115
136056,322,cottage-pie-396
282470,216,steak-and-ale-pie-36
283366,314,steak-and-ale-pie-92
124011,658,ploughman's-lunch-206
231411,905,poitin-524
68341,662,poitin-216
189648,972,bubble-and-squeak-671
33003,124,cottage-pie-296
292283,710,bubble-and-squeak-385
112453,751,steak-and-ale-pie-799
162649,159,poitin-934
33248,35,ploughman's-lunch-222
214962,332,fish-and-chips-620
174368,356,bubble-and-squeak-85
120182,78,ploughman's-lunch-970
148716,123,cottage-pie-795
169099,228,fish-and-chips-226
64282,903,bubble-and-squeak-814
31591,311,steak-and-ale-pie-469
257441,128,steak-and-ale-pie-497
24276,608,steak-and-ale-pie-996
130833,580,fish-and-chips-788
232346,591,fish-and-chips-478
48793,94,poitin-320
88813,603,cottage-pie-557
47103,320,fish-and-chips-249
48529,725,fish-and-chips-511
254774,149,steak-and-ale-pie-110
195521,740,cottage-pie-401
42077,832,poitin-403
69633,15,poitin-477
89615,479,ploughman's-lunch-60
130588,156,steak-and-ale-pie-282
295944,454,poitin-824
173304,122,steak-and-ale-pie-48
199380,330,poitin-772
1225,345,steak-and-ale-pie-425
263511,787,steak-and-ale-pie-589
262739,905,bubble-and-squeak-937
185431,832,ploughman's-lunch-492
214830,635,ploughman's-lunch-795
120634,457,cottage-pie-925
110409,13,steak-and-ale-pie-102
280076,52,cottage-pie-824
291964,325,steak-and-ale-pie-839
54841,760,ploughman's-lunch-620
287221,119,ploughman's-lunch-933
236537,752,poitin-530
213183,839,bubble-and-squeak-518
111048,254,fish-and-chips-735
32615,411,steak-and-ale-pie-602
9243,27,steak-and-ale-pie-65
40716,65,fish-and-chips-102
214353,153,ploughman's-lunch-162
32054,225,steak-and-ale-pie-32
30075,608,fish-and-chips-903
186200,478,fish-and-chips-849
216233,189,ploughman's-lunch-56
172177,900,steak-and-ale-pie-716
70603,251,fish-and-chips-304
256053,89,ploughman's-lunch-273
165206,371,ploughman's-lunch-338
231263,133,cottage-pie-590
258521,11,fish-and-chips-13
209970,100,steak-and-ale-pie-738
98706,297,cottage-pie-530
198273,722,cottage-pie-946
94558,909,ploughman's-lunch-176
253102,577,cottage-pie-400
120974,73,ploughman's-lunch-550
92040,693,bubble-and-squeak-63
11435,568,steak-and-ale-pie-485
27502,562,poitin-385
93637,120,ploughman's-lunch-640
8473,219,fish-and-chips-758
202835,536,fish-and-chips-977
90001,659,poitin-303
184426,416,poitin-534
226269,12,fish-and-chips-237
125312,309,steak-and-ale-pie-109
49975,794,steak-and-ale-pie-737
267338,944,steak-and-ale-pie-345
22315,395,steak-and-ale-pie-166
249014,459,ploughman's-lunch-422
34519,386,ploughman's-lunch-90
230099,725,cottage-pie-993
66847,52,bubble-and-squeak-13
236009,735,ploughman's-lunch-35
253217,619,ploughman's-lunch-320
49386,73,ploughman's-lunch-197
288645,558,poitin-680
119666,770,steak-and-ale-pie-47
136558,581,poitin-465
136142,594,ploughman's-lunch-353
144998,932,bubble-and-squeak-243
268650,333,ploughman's-lunch-722
129675,612,bubble-and-squeak-501
23317,960,ploughman's-lunch-326
16361,989,fish-and-chips-322
24128,436,fish-and-chips-361
36186,912,bubble-and-squeak-546
143620,563,bubble-and-squeak-347
214467,952,fish-and-chips-284
55799,505,fish-and-chips-310
247928,344,fish-and-chips-835
19303,498,fish-and-chips-971
233225,11,bubble-and-squeak-410
64797,311,poitin-133
220854,2,cottage-pie-407
118804,336,cottage-pie-846
229917,940,steak-and-ale-pie-963
295145,469,cottage-pie-588
222724,750,ploughman's-lunch-439
201866,591,cottage-pie-726
217292,800,cottage-pie-367
203716,872,bubble-and-squeak-786
94476,677,poitin-629
286978,26,ploughman's-lunch-678
107425,676,cottage-pie-964
34975,367,ploughman's-lunch-426
215496,905,ploughman's-lunch-134
2153,51,bubble-and-squeak-608
222257,914,poitin-972
18198,640,poitin-721
201294,995,cottage-pie-101
39555,527,fish-and-chips-922
17818,589,fish-and-chips-549
77412,195,cottage-pie-895
140068,165,bubble-and-squeak-736
169723,376,bubble-and-squeak-477
40577,166,bubble-and-squeak-867
112373,926,fish-and-chips-89
276735,305,fish-and-chips-231
131464,208,cottage-pie-578
38715,602,bubble-and-squeak-521
48313,573,ploughman's-lunch-474
100621,49,bubble-and-squeak-559
283828,206,ploughman's-lunch-63
112363,309,cottage-pie-33
185291,668,bubble-and-squeak-692
54400,336,cottage-pie-429
201737,426,ploughman's-lunch-778
21623,164,steak-and-ale-pie-703
196940,339,steak-and-ale-pie-246
195202,538,poitin-987
126630,556,steak-and-ale-pie-191
162072,992,ploughman's-lunch-25
42447,621,poitin-102
272369,769,fish-and-chips-480
26121,844,cottage-pie-203
178678,433,fish-and-chips-814
143007,703,fish-and-chips-337
84644,46,cottage-pie-919
85252,311,fish-and-chips-208
62808,696,bubble-and-squeak-679
155712,395,poitin-536
7212,727,poitin-486
257420,917,ploughman's-lunch-232
152912,79,fish-and-chips-752
227996,466,bubble-and-squeak-630
144317,917,poitin-441
46938,709,poitin-433
81296,675,cottage-pie-846
61143,366,cottage-pie-952
227193,965,fish-and-chips-298
284082,776,steak-and-ale-pie-229
256587,863,steak-and-ale-pie-674
20908,904,bubble-and-squeak-258
84524,520,cottage-pie-966
34288,359,bubble-and-squeak-207
251280,903,poitin-406
251352,229,bubble-and-squeak-118
4112,325,cottage-pie-687
261439,247,ploughman's-lunch-110
128939,698,ploughman's-lunch-835
46917,453,steak-and-ale-pie-703
146833,171,poitin-259
261267,538,bubble-and-squeak-603
286764,355,fish-and-chips-128
250238,704,fish-and-chips-178
91094,768,poitin-177
242246,694,poitin-384
285155,704,fish-and-chips-911
160614,194,ploughman's-lunch-442
138901,729,bubble-and-squeak-259
197670,473,fish-and-chips-384
298689,326,bubble-and-squeak-218
59295,931,poitin-759
142571,899,cottage-pie-734
98390,292,poitin-62
256100,934,cottage-pie-992
94950,302,bubble-and-squeak-354
203107,785,poitin-264
144893,352,steak-and-ale-pie-233
126341,147,poitin-221
206978,651,fish-and-chips-345
105222,617,poitin-502
254686,221,ploughman's-lunch-437
130984,979,poitin-400
9102,190,bubble-and-squeak-554
271721,474,fish-and-chips-353
80977,290,ploughman's-lunch-446
223332,986,cottage-pie-344
76440,761,poitin-453
253789,344,ploughman's-lunch-897
156306,245,ploughman's-lunch-59
290564,9,poitin-443
115356,303,cottage-pie-94
143176,53,cottage-pie-450
197262,359,steak-and-ale-pie-995
197807,839,bubble-and-squeak-68
108089,47,bubble-and-squeak-951
127070,775,bubble-and-squeak-68
3217,578,steak-and-ale-pie-440
36705,673,cottage-pie-52
248620,887,fish-and-chips-948
186396,15,ploughman's-lunch-697
288001,347,fish-and-chips-185
98444,77,bubble-and-squeak-486
25425,741,poitin-263
148962,634,fish-and-chips-998
63029,25,ploughman's-lunch-616
76095,213,cottage-pie-800
11080,433,poitin-694
137376,704,poitin-739
147964,799,bubble-and-squeak-541
238899,545,poitin-760
136278,743,cottage-pie-758
261981,608,cottage-pie-399
178161,877,ploughman's-lunch-797
275202,622,bubble-and-squeak-587
72602,207,ploughman's-lunch-8
99402,83,ploughman's-lunch-675
2040,62,fish-and-chips-502
111629,631,fish-and-chips-389
97239,411,steak-and-ale-pie-105
97626,212,ploughman's-lunch-881
131506,493,ploughman's-lunch-802
148758,826,poitin-567
219117,958,ploughman's-lunch-708
15487,921,cottage-pie-229
273516,283,steak-and-ale-pie-209
269557,411,steak-and-ale-pie-154
129218,435,poitin-447
132496,716,cottage-pie-235
288516,10,bubble-and-squeak-901
187422,818,fish-and-chips-512
23467,16,steak-and-ale-pie-415
231206,418,cottage-pie-944
213532,101,ploughman's-lunch-60
4077,204,cottage-pie-65
91107,150,bubble-and-squeak-234
76571,776,poitin-397
49943,565,steak-and-ale-pie-306
296439,998,cottage-pie-885
52292,262,poitin-403
156496,763,ploughman's-lunch-92
67141,280,fish-and-chips-335
170430,989,fish-and-chips-677
67515,254,cottage-pie-800
273987,888,bubble-and-squeak-851
272310,815,ploughman's-lunch-246
229619,201,fish-and-chips-755
78491,438,fish-and-chips-883
239173,545,fish-and-chips-569
70523,785,cottage-pie-239
11336,357,steak-and-ale-pie-616
47154,734,cottage-pie-765
261396,756,ploughman's-lunch-773
201026,481,ploughman's-lunch-200
54276,713,steak-and-ale-pie-340
11802,955,fish-and-chips-696
193050,876,poitin-549
73141,92,poitin-2
230001,680,steak-and-ale-pie-236
28426,372,poitin-793
137330,703,fish-and-chips-813
29611,29,poitin-639
17676,904,fish-and-chips-529
43444,202,cottage-pie-601
290604,114,cottage-pie-579
128984,601,poitin-833
67506,284,fish-and-chips-788
129383,434,poitin-361
706,106,poitin-154
91148,681,fish-and-chips-721
88044,154,poitin-93
68945,699,fish-and-chips-564
205133,277,fish-and-chips-487
159874,125,steak-and-ale-pie-964
270752,872,poitin-472
211642,568,cottage-pie-671
79718,254,poitin-878
284030,587,fish-and-chips-99
70764,446,cottage-pie-620
252852,709,ploughman's-lunch-370
28314,240,ploughman's-lunch-16
206887,511,poitin-79
113705,545,fish-and-chips-382
28280,680,steak-and-ale-pie-419
288804,5,fish-and-chips-388
38333,374,cottage-pie-142
230223,212,fish-and-chips-338
296544,382,bubble-and-squeak-657
61260,189,bubble-and-squeak-223
130952,134,fish-and-chips-72
5243,541,ploughman's-lunch-793
242223,574,bubble-and-squeak-225
68735,800,fish-and-chips-289
55949,887,fish-and-chips-741
177159,835,bubble-and-squeak-536
101402,884,steak-and-ale-pie-634
109260,849,fish-and-chips-252
266634,353,cottage-pie-865
117580,134,ploughman's-lunch-722
97369,261,cottage-pie-595
214060,813,fish-and-chips-255
137514,231,poitin-196
205998,19,bubble-and-squeak-843
225030,401,fish-and-chips-824
134311,780,bubble-and-squeak-481
229037,551,steak-and-ale-pie-186
55044,840,cottage-pie-136
222117,970,fish-and-chips-477
139956,325,poitin-91
34894,193,ploughman's-lunch-620
259995,699,fish-and-chips-811
53961,911,steak-and-ale-pie-154
226086,759,fish-and-chips-356
22089,296,poitin-812
29505,735,cottage-pie-273
245280,275,bubble-and-squeak-365
187520,996,bubble-and-squeak-973
106311,704,cottage-pie-599
198695,678,steak-and-ale-pie-290
165759,417,fish-and-chips-190
224988,42,fish-and-chips-328
123088,728,poitin-476
216021,766,poitin-569
142539,27,ploughman's-lunch-604
59095,919,ploughman's-lunch-380
259365,937,fish-and-chips-958
197176,664,cottage-pie-270
104656,16,fish-and-chips-439
265699,365,fish-and-chips-925
56412,267,fish-and-chips-697
288633,855,poitin-742
105165,541,steak-and-ale-pie-37
45523,969,bubble-and-squeak-914
152032,720,ploughman's-lunch-192
190852,401,bubble-and-squeak-91
73005,480,fish-and-chips-223
51584,542,fish-and-chips-735
287595,865,cottage-pie-237
10138,542,ploughman's-lunch-279
15604,212,bubble-and-squeak-46
182489,962,bubble-and-squeak-112
96874,605,ploughman's-lunch-353
93424,910,poitin-710
135529,653,poitin-228
40680,407,bubble-and-squeak-756
69263,362,steak-and-ale-pie-285
151313,179,fish-and-chips-683
214195,682,cottage-pie-598
231618,600,poitin-703
208194,104,bubble-and-squeak-604
221910,576,fish-and-chips-115
90490,813,poitin-667
3686,576,ploughman's-lunch-247
192294,916,ploughman's-lunch-88
233549,379,steak-and-ale-pie-94
29311,362,ploughman's-lunch-939
204996,996,poitin-662
264347,729,cottage-pie-775
147617,549,poitin-550
101732,432,ploughman's-lunch-944
215101,527,cottage-pie-547
117876,322,ploughman's-lunch-374
236238,262,ploughman's-lunch-53
154568,177,steak-and-ale-pie-568
146109,78,cottage-pie-891
219937,675,poitin-136
146553,449,steak-and-ale-pie-723
75526,996,bubble-and-squeak-544
297614,50,poitin-985
230404,686,cottage-pie-454
122387,236,steak-and-ale-pie-493
193937,993,fish-and-chips-266
197298,510,steak-and-ale-pie-89
254958,884,cottage-pie-28
150617,424,poitin-695
63137,535,ploughman's-lunch-550
16479,933,bubble-and-squeak-433
44365,354,cottage-pie-381
203410,641,poitin-71
183137,605,bubble-and-squeak-533
135891,553,bubble-and-squeak-423
82417,700,fish-and-chips-940
265834,77,steak-and-ale-pie-803
87815,905,poitin-275
296609,239,poitin-603
219532,740,poitin-428
263658,607,ploughman's-lunch-853
152224,436,cottage-pie-192
119122,969,cottage-pie-883
52321,792,cottage-pie-513
212318,200,bubble-and-squeak-347
211566,738,fish-and-chips-176
39803,115,bubble-and-squeak-376
213086,213,bubble-and-squeak-101
168433,974,poitin-979
84508,92,bubble-and-squeak-787
54369,173,steak-and-ale-pie-42
19002,168,fish-and-chips-561
118922,643,steak-and-ale-pie-813
282260,804,cottage-pie-721
27521,783,cottage-pie-242
95035,612,steak-and-ale-pie-776
129596,400,fish-and-chips-511
131052,98,cottage-pie-944
219365,53,poitin-240
157260,593,ploughman's-lunch-36
54621,635,ploughman's-lunch-119
61800,613,bubble-and-squeak-127
6137,738,ploughman's-lunch-479
20656,472,poitin-219
206531,122,steak-and-ale-pie-529
68378,666,ploughman's-lunch-15
83703,33,steak-and-ale-pie-27
294077,616,poitin-867
225386,883,poitin-920
160678,695,ploughman's-lunch-643
47449,162,ploughman's-lunch-684
25051,241,poitin-750
250866,25,steak-and-ale-pie-129
254523,783,cottage-pie-453
26484,892,fish-and-chips-699
263243,151,poitin-207
231244,687,ploughman's-lunch-871
210427,917,cottage-pie-429
134670,539,poitin-311
151512,969,poitin-412
235815,968,bubble-and-squeak-578
150697,458,fish-and-chips-725
23646,318,cottage-pie-232
217400,872,bubble-and-squeak-486
242391,594,ploughman's-lunch-764
202930,470,bubble-and-squeak-153
38791,188,steak-and-ale-pie-227
198184,371,fish-and-chips-742
283307,82,steak-and-ale-pie-336
295820,520,ploughman's-lunch-793
277902,529,cottage-pie-988
112304,523,cottage-pie-474
161033,668,steak-and-ale-pie-193
67907,713,bubble-and-squeak-213
116984,398,steak-and-ale-pie-154
267759,195,fish-and-chips-588
134894,533,poitin-480
247487,773,cottage-pie-345
172582,684,cottage-pie-987
71991,923,poitin-494
147013,148,poitin-829
91445,170,steak-and-ale-pie-709
239032,736,cottage-pie-326
199528,617,fish-and-chips-173
117309,545,steak-and-ale-pie-195
42664,761,cottage-pie-666
47774,252,poitin-237
199241,30,ploughman's-lunch-575
74044,973,bubble-and-squeak-636
22056,384,poitin-636
19315,853,poitin-541
266366,786,ploughman's-lunch-574
20983,847,steak-and-ale-pie-211
124835,545,fish-and-chips-727
157056,433,fish-and-chips-384
73315,997,bubble-and-squeak-303
15592,825,bubble-and-squeak-967
38711,561,fish-and-chips-782
122780,551,fish-and-chips-489
233765,941,bubble-and-squeak-720
81402,547,cottage-pie-426
161313,135,cottage-pie-535
143307,666,fish-and-chips-385
132941,903,steak-and-ale-pie-1000
191827,775,ploughman's-lunch-129
221422,336,ploughman's-lunch-844
125022,289,steak-and-ale-pie-184
282001,247,bubble-and-squeak-367
201222,419,bubble-and-squeak-449
104185,398,poitin-838
130738,719,cottage-pie-115
120127,397,fish-and-chips-116
211446,597,fish-and-chips-765
220868,570,poitin-64
194961,97,ploughman's-lunch-469
125594,743,bubble-and-squeak-95
193143,343,ploughman's-lunch-590
253754,986,fish-and-chips-65
52425,421,cottage-pie-215
68969,747,bubble-and-squeak-573
200812,721,poitin-196
78251,539,ploughman's-lunch-261
272686,40,cottage-pie-172
227057,73,bubble-and-squeak-153
50978,867,cottage-pie-235
172757,608,cottage-pie-221
212096,126,bubble-and-squeak-390
117706,672,fish-and-chips-440
296322,536,cottage-pie-884
265914,744,steak-and-ale-pie-699
58004,651,steak-and-ale-pie-971
129743,115,steak-and-ale-pie-115
33815,697,fish-and-chips-70
265454,642,ploughman's-lunch-549
187197,743,ploughman's-lunch-15
271890,505,ploughman's-lunch-851
195030,530,bubble-and-squeak-550
95470,39,ploughman's-lunch-536
48387,765,fish-and-chips-509
9342,9,cottage-pie-84
34155,882,fish-and-chips-123
118325,495,fish-and-chips-312
165144,847,bubble-and-squeak-41
116070,145,bubble-and-squeak-14
169374,453,steak-and-ale-pie-524
59841,744,poitin-856
118809,464,fish-and-chips-283
244198,769,fish-and-chips-767
225950,579,bubble-and-squeak-18
162487,663,steak-and-ale-pie-198
156379,674,ploughman's-lunch-260
133739,662,ploughman's-lunch-810
282843,138,cottage-pie-290
111703,408,bubble-and-squeak-453
204809,248,poitin-216
48098,919,ploughman's-lunch-165
159361,412,bubble-and-squeak-705
188523,833,cottage-pie-79
69758,411,ploughman's-lunch-168
29500,706,ploughman's-lunch-403
176780,469,fish-and-chips-484
79096,855,fish-and-chips-649
197431,564,ploughman's-lunch-168
27511,61,fish-and-chips-683
127362,713,fish-and-chips-986
69588,670,poitin-848
184260,76,poitin-302
290990,118,ploughman's-lunch-961
179748,678,poitin-452
118537,595,poitin-361
297572,433,fish-and-chips-972
135353,966,bubble-and-squeak-478
133283,95,cottage-pie-32
213360,796,bubble-and-squeak-837
199924,122,cottage-pie-882
139437,790,poitin-421
186461,340,steak-and-ale-pie-807
208689,952,cottage-pie-371
238824,418,ploughman's-lunch-106
130357,187,steak-and-ale-pie-742
126741,482,steak-and-ale-pie-599
123953,307,bubble-and-squeak-875
184149,595,cottage-pie-2
268833,415,fish-and-chips-961
235757,729,steak-and-ale-pie-747
149235,708,steak-and-ale-pie-866
119918,447,bubble-and-squeak-813
224883,358,bubble-and-squeak-587
180009,59,bubble-and-squeak-1
203096,585,fish-and-chips-795
157748,837,ploughman's-lunch-793
36556,207,ploughman's-lunch-225
188322,390,poitin-977
253616,740,steak-and-ale-pie-802
195381,281,cottage-pie-479
118923,565,steak-and-ale-pie-786
92309,417,ploughman's-lunch-344
39142,237,poitin-159
198653,351,cottage-pie-972
251954,471,poitin-555
218295,829,fish-and-chips-639
199088,434,ploughman's-lunch-448
94871,537,bubble-and-squeak-958
55873,873,steak-and-ale-pie-566
199315,917,poitin-949
181567,428,cottage-pie-254
199917,304,ploughman's-lunch-242
120563,305,steak-and-ale-pie-665
289989,896,bubble-and-squeak-74
13925,707,bubble-and-squeak-725
240933,186,fish-and-chips-220
246980,912,ploughman's-lunch-712
115863,293,poitin-281
126469,258,fish-and-chips-946
163344,957,fish-and-chips-277
35646,683,bubble-and-squeak-250
232488,23,cottage-pie-15
263747,258,bubble-and-squeak-913
263828,188,fish-and-chips-455
112371,144,bubble-and-squeak-901
89398,726,cottage-pie-217
129392,25,bubble-and-squeak-479
204067,752,bubble-and-squeak-106
84186,726,steak-and-ale-pie-609
159260,193,bubble-and-squeak-233
169806,946,cottage-pie-804
41159,96,fish-and-chips-278
46615,490,bubble-and-squeak-203
241789,440,bubble-and-squeak-925
217064,19,poitin-512
48036,623,poitin-959
39592,740,cottage-pie-11
42713,790,ploughman's-lunch-316
43858,213,steak-and-ale-pie-411
201465,657,ploughman's-lunch-594
203749,250,bubble-and-squeak-685
119752,962,bubble-and-squeak-343
177211,698,ploughman's-lunch-66
163520,700,cottage-pie-716
20603,106,bubble-and-squeak-74
20644,35,poitin-400
295716,827,poitin-769
50343,811,fish-and-chips-221
18783,80,cottage-pie-22
287306,925,fish-and-chips-559
59865,59,ploughman's-lunch-229
89699,166,poitin-358
68772,180,cottage-pie-219
215917,682,poitin-543
82703,619,poitin-416
119649,458,fish-and-chips-617
239180,951,ploughman's-lunch-399
61597,382,steak-and-ale-pie-69
185995,651,fish-and-chips-367
295369,707,poitin-44
67892,340,steak-and-ale-pie-988
32384,980,fish-and-chips-481
28628,231,ploughman's-lunch-565
211616,998,cottage-pie-714
191975,375,bubble-and-squeak-323
289474,180,bubble-and-squeak-773
266444,499,cottage-pie-246
59625,546,cottage-pie-307
282445,708,steak-and-ale-pie-362
214799,656,fish-and-chips-554
39404,552,ploughman's-lunch-325
216061,35,steak-and-ale-pie-596
251899,875,cottage-pie-326
97071,367,ploughman's-lunch-692
44790,973,cottage-pie-374
15347,174,ploughman's-lunch-891
93434,299,fish-and-chips-819
268653,531,fish-and-chips-213
171882,757,steak-and-ale-pie-703
216789,392,bubble-and-squeak-874
52481,144,steak-and-ale-pie-31
152638,720,bubble-and-squeak-413
248399,668,ploughman's-lunch-659
169087,294,poitin-988
109668,5,ploughman's-lunch-686
64028,944,steak-and-ale-pie-178
137712,935,bubble-and-squeak-20
75236,145,steak-and-ale-pie-677
241763,979,steak-and-ale-pie-6
269041,987,cottage-pie-106
170836,552,fish-and-chips-269
166317,311,bubble-and-squeak-485
116471,781,fish-and-chips-347
258002,252,poitin-46
112545,589,ploughman's-lunch-491
230007,387,bubble-and-squeak-404
50725,840,ploughman's-lunch-666
264181,922,ploughman's-lunch-591
15182,866,fish-and-chips-875
161978,16,poitin-886
111771,426,bubble-and-squeak-397
205892,59,cottage-pie-486
274390,891,cottage-pie-539
207053,447,ploughman's-lunch-658
101205,780,ploughman's-lunch-479
104868,257,steak-and-ale-pie-950
134144,526,poitin-933
182406,156,bubble-and-squeak-85
213671,706,cottage-pie-524
94284,18,steak-and-ale-pie-917
282500,264,ploughman's-lunch-913
77088,130,steak-and-ale-pie-731
191955,812,ploughman's-lunch-525
223904,927,steak-and-ale-pie-587
133535,439,poitin-234
71782,541,poitin-535
138005,705,fish-and-chips-282
153535,654,poitin-752
172268,340,steak-and-ale-pie-247
141542,288,steak-and-ale-pie-511
8334,347,poitin-988
99010,137,poitin-354
153252,185,steak-and-ale-pie-8
212332,88,bubble-and-squeak-35
99155,257,cottage-pie-512
281061,240,steak-and-ale-pie-10
241404,430,bubble-and-squeak-635
51065,468,ploughman's-lunch-620
37768,899,poitin-309
128049,880,bubble-and-squeak-222
58944,682,steak-and-ale-pie-558
118068,5,cottage-pie-392
240621,26,steak-and-ale-pie-298
255409,231,fish-and-chips-732
55579,33,poitin-429
57219,106,fish-and-chips-349
239616,497,ploughman's-lunch-109
171060,834,ploughman's-lunch-961
105708,317,fish-and-chips-718
234559,905,fish-and-chips-936
186099,110,bubble-and-squeak-47
171602,904,cottage-pie-405
274117,733,steak-and-ale-pie-643
168512,850,bubble-and-squeak-564
3876,981,poitin-496
162515,791,bubble-and-squeak-361
102995,537,cottage-pie-636
198264,480,fish-and-chips-547
268264,289,steak-and-ale-pie-29
30240,742,fish-and-chips-198
123920,118,steak-and-ale-pie-461
282705,421,bubble-and-squeak-439
71597,242,cottage-pie-170
226341,193,cottage-pie-975
48435,167,poitin-154
100266,119,steak-and-ale-pie-647
148512,366,poitin-754
11681,621,bubble-and-squeak-680
2158,641,bubble-and-squeak-538
111314,907,fish-and-chips-594
150244,147,poitin-165
192181,151,fish-and-chips-451
169111,628,poitin-241
297160,879,cottage-pie-506
298562,157,cottage-pie-279
138724,270,bubble-and-squeak-302
173738,715,steak-and-ale-pie-867
284453,187,fish-and-chips-360
288030,197,ploughman's-lunch-399
56546,435,bubble-and-squeak-23
275758,463,cottage-pie-877
218895,590,bubble-and-squeak-662
189827,774,fish-and-chips-282
290899,848,steak-and-ale-pie-73
47893,311,ploughman's-lunch-610
150572,199,steak-and-ale-pie-935
90025,957,ploughman's-lunch-475
13546,63,poitin-233
290281,657,fish-and-chips-815
173271,119,ploughman's-lunch-413
119402,111,cottage-pie-896
113211,199,bubble-and-squeak-497
96586,181,fish-and-chips-935
94700,685,cottage-pie-573
248276,825,fish-and-chips-628
234435,413,cottage-pie-425
159866,573,fish-and-chips-898
171144,799,poitin-662
151320,366,fish-and-chips-602
141155,338,poitin-864
215784,933,cottage-pie-51
67881,451,cottage-pie-609
273152,892,ploughman's-lunch-56
220488,587,ploughman's-lunch-719
241051,971,poitin-467
184888,818,fish-and-chips-868
24066,66,steak-and-ale-pie-691
241665,209,ploughman's-lunch-918
194404,622,bubble-and-squeak-137
159089,268,cottage-pie-41
260641,730,cottage-pie-639
91466,167,cottage-pie-592
26440,126,steak-and-ale-pie-781
84848,548,bubble-and-squeak-170
42813,135,poitin-178
256287,953,ploughman's-lunch-353
124695,779,ploughman's-lunch-546
280368,37,cottage-pie-633
187054,622,bubble-and-squeak-37
147535,282,poitin-659
70786,847,poitin-530
113606,758,fish-and-chips-474
152018,682,ploughman's-lunch-54
79215,539,ploughman's-lunch-459
236249,143,poitin-813
156107,159,bubble-and-squeak-385
269078,178,bubble-and-squeak-314
209098,368,ploughman's-lunch-233
79695,728,poitin-846
271654,943,ploughman's-lunch-695
117854,445,fish-and-chips-328
282413,578,fish-and-chips-554
242868,706,steak-and-ale-pie-89
275068,578,steak-and-ale-pie-298
109007,812,poitin-391
221531,641,poitin-578
103157,216,bubble-and-squeak-150
266321,404,ploughman's-lunch-716
12556,957,ploughman's-lunch-833
141615,862,poitin-854
209211,510,poitin-57
42444,352,bubble-and-squeak-954
173623,550,bubble-and-squeak-942
76678,151,cottage-pie-949
66430,262,steak-and-ale-pie-5
134623,447,bubble-and-squeak-174
62635,99,poitin-188
244757,993,bubble-and-squeak-132
233693,674,bubble-and-squeak-44
291071,53,poitin-251
176616,964,poitin-502
209444,664,fish-and-chips-674
4446,812,steak-and-ale-pie-177
45143,887,ploughman's-lunch-755
54369,632,cottage-pie-598
296686,157,cottage-pie-982
206195,887,bubble-and-squeak-660
280942,708,ploughman's-lunch-241
49568,5,bubble-and-squeak-63
282962,236,fish-and-chips-21
8163,786,fish-and-chips-467
235564,149,bubble-and-squeak-519
263763,240,ploughman's-lunch-864
32367,217,bubble-and-squeak-726
25027,121,steak-and-ale-pie-531
200301,670,poitin-759
265539,954,steak-and-ale-pie-841
215278,843,cottage-pie-796
187349,214,fish-and-chips-851
295735,760,steak-and-ale-pie-314
281069,744,poitin-306
293446,602,poitin-163
163584,449,fish-and-chips-897
110940,603,bubble-and-squeak-981
8887,349,steak-and-ale-pie-332
168552,249,bubble-and-squeak-295
273502,810,cottage-pie-111
65035,968,cottage-pie-723
26883,290,fish-and-chips-968
88107,4,cottage-pie-498
115094,493,ploughman's-lunch-19
87930,384,bubble-and-squeak-980
249286,861,steak-and-ale-pie-446
197285,514,poitin-161
120929,482,fish-and-chips-562
184295,937,poitin-638
155855,761,bubble-and-squeak-367
215290,290,fish-and-chips-754
36706,407,poitin-922
24323,111,steak-and-ale-pie-643
9721,268,ploughman's-lunch-317
122645,53,fish-and-chips-275
54815,983,bubble-and-squeak-333
257007,634,ploughman's-lunch-162
66806,503,ploughman's-lunch-551
137079,943,ploughman's-lunch-776
266296,661,fish-and-chips-797
179082,262,steak-and-ale-pie-295
247402,314,bubble-and-squeak-15
31372,151,ploughman's-lunch-155
272813,527,fish-and-chips-201
54231,414,poitin-453
95974,84,poitin-437
278641,673,cottage-pie-927
37872,10,cottage-pie-717
240479,834,cottage-pie-960
173661,947,steak-and-ale-pie-762
116221,258,steak-and-ale-pie-38
236327,865,ploughman's-lunch-416
175906,547,ploughman's-lunch-147
184937,170,cottage-pie-529
138808,820,steak-and-ale-pie-270
89547,294,bubble-and-squeak-822
179039,305,steak-and-ale-pie-903
101800,763,cottage-pie-66
211178,266,ploughman's-lunch-133
111402,615,steak-and-ale-pie-311
192122,286,ploughman's-lunch-51
53886,744,steak-and-ale-pie-433
180053,892,bubble-and-squeak-150
141041,212,steak-and-ale-pie-358
278457,791,poitin-142
65117,755,cottage-pie-977
277389,754,steak-and-ale-pie-5
257578,693,steak-and-ale-pie-996
194327,552,steak-and-ale-pie-578
83313,550,bubble-and-squeak-426
252352,277,ploughman's-lunch-711
50562,894,fish-and-chips-829
82824,165,ploughman's-lunch-638
196185,364,poitin-216
199544,926,steak-and-ale-pie-674
276008,865,fish-and-chips-101
138524,477,bubble-and-squeak-206
287866,512,poitin-488
31729,85,bubble-and-squeak-612
240858,174,poitin-650
194139,833,steak-and-ale-pie-914
137348,756,steak-and-ale-pie-161
23338,552,poitin-814
239169,47,bubble-and-squeak-292
26673,505,steak-and-ale-pie-255
54522,614,bubble-and-squeak-211
133461,383,bubble-and-squeak-33
168064,184,fish-and-chips-737
89774,707,ploughman's-lunch-798
3812,482,steak-and-ale-pie-889
257278,429,steak-and-ale-pie-507
41520,821,poitin-692
296183,939,cottage-pie-500
210593,370,cottage-pie-353
70337,988,bubble-and-squeak-266
231686,251,bubble-and-squeak-952
290720,770,ploughman's-lunch-458
144454,167,steak-and-ale-pie-816
130113,271,ploughman's-lunch-211
101020,855,ploughman's-lunch-830
180733,461,cottage-pie-102
190261,186,cottage-pie-533
87093,115,fish-and-chips-362
244055,234,poitin-825
116236,257,steak-and-ale-pie-490
175508,635,ploughman's-lunch-658
75344,295,poitin-46
30989,635,bubble-and-squeak-542
44366,248,steak-and-ale-pie-311
218827,150,fish-and-chips-67
117713,828,poitin-7
14033,358,fish-and-chips-708
229381,378,fish-and-chips-258
152373,477,bubble-and-squeak-191
286650,952,steak-and-ale-pie-183
200856,851,poitin-23
107251,255,bubble-and-squeak-11
56598,434,ploughman's-lunch-870
119196,79,ploughman's-lunch-256
53187,784,cottage-pie-813
213706,641,ploughman's-lunch-38
137190,407,poitin-310
1403,955,poitin-19
222462,560,fish-and-chips-559
81508,294,steak-and-ale-pie-121
228125,534,ploughman's-lunch-147
50970,276,ploughman's-lunch-700
290119,938,ploughman's-lunch-985
84753,127,bubble-and-squeak-465
43030,977,ploughman's-lunch-877
136674,388,cottage-pie-69
283135,776,poitin-334
187632,45,poitin-804
92359,645,fish-and-chips-274
23130,505,poitin-187
89421,138,fish-and-chips-615
121100,346,bubble-and-squeak-200
62682,94,ploughman's-lunch-20
75274,398,steak-and-ale-pie-578
89619,774,poitin-857
158958,855,fish-and-chips-668
85743,154,poitin-69
40350,986,ploughman's-lunch-867
253906,810,cottage-pie-407
120888,527,poitin-912
277234,573,poitin-882
256594,368,poitin-959
283306,423,fish-and-chips-761
69361,145,steak-and-ale-pie-926
290028,471,poitin-89
40716,309,poitin-570
72451,945,ploughman's-lunch-781
149242,951,poitin-836
942,189,poitin-987
11264,522,poitin-346
58557,200,poitin-373
80864,955,cottage-pie-938
219184,132,ploughman's-lunch-467
209927,182,bubble-and-squeak-604
68957,948,steak-and-ale-pie-425
67354,68,poitin-214
137054,862,fish-and-chips-598
125412,75,bubble-and-squeak-793
139620,307,ploughman's-lunch-226
106268,67,fish-and-chips-490
6153,666,cottage-pie-393
99827,220,cottage-pie-426
232787,652,poitin-295
280569,618,cottage-pie-888
222705,717,cottage-pie-24
227908,667,fish-and-chips-265
38510,156,fish-and-chips-222
237733,694,fish-and-chips-218
188770,821,cottage-pie-669
36934,684,bubble-and-squeak-819
137239,478,poitin-367
273416,776,bubble-and-squeak-613
174777,289,cottage-pie-89
259865,867,bubble-and-squeak-252
229020,775,poitin-782
51344,534,ploughman's-lunch-175
296288,532,poitin-142
219802,389,fish-and-chips-228
178617,798,ploughman's-lunch-203
150486,570,poitin-24
284048,607,cottage-pie-362
175095,615,poitin-992
255384,166,poitin-727
103385,553,poitin-609
156367,497,steak-and-ale-pie-324
25374,1000,ploughman's-lunch-592
67596,548,bubble-and-squeak-934
187673,846,bubble-and-squeak-738
90468,283,fish-and-chips-66
82229,322,ploughman's-lunch-933
15011,503,ploughman's-lunch-979
201053,346,steak-and-ale-pie-617
231770,178,fish-and-chips-620
36133,46,bubble-and-squeak-12
39159,232,steak-and-ale-pie-358
52925,126,poitin-180
292975,543,ploughman's-lunch-472
202036,822,poitin-314
170194,963,ploughman's-lunch-425
227708,990,cottage-pie-384
244928,143,steak-and-ale-pie-1
101939,806,steak-and-ale-pie-645
119617,406,fish-and-chips-220
287838,947,steak-and-ale-pie-720
143878,99,fish-and-chips-93
85531,569,cottage-pie-954
264455,825,fish-and-chips-763
270799,485,bubble-and-squeak-248
129737,569,ploughman's-lunch-631
206992,722,steak-and-ale-pie-865
180619,86,fish-and-chips-611
123181,155,poitin-766
187272,123,cottage-pie-991
254255,344,ploughman's-lunch-170
259759,309,bubble-and-squeak-627
113679,362,poitin-40
156103,209,ploughman's-lunch-382
284151,631,steak-and-ale-pie-898
236362,209,ploughman's-lunch-984
59502,789,fish-and-chips-572
268546,135,ploughman's-lunch-264
14402,151,fish-and-chips-765
32181,247,ploughman's-lunch-254
259898,235,cottage-pie-241
232255,970,bubble-and-squeak-177
238806,922,fish-and-chips-67
261775,406,cottage-pie-630
118301,643,cottage-pie-716
65182,267,poitin-771
277239,19,fish-and-chips-259
152801,904,steak-and-ale-pie-64
66244,517,poitin-380
297248,576,steak-and-ale-pie-61
228585,331,bubble-and-squeak-164
161338,77,fish-and-chips-95
127949,315,steak-and-ale-pie-586
118047,11,ploughman's-lunch-696
21406,369,ploughman's-lunch-281
60012,721,ploughman's-lunch-795
254429,346,cottage-pie-899
230833,916,cottage-pie-49
142246,136,cottage-pie-599
241962,187,cottage-pie-648
31043,691,ploughman's-lunch-920
250485,248,ploughman's-lunch-601
271194,951,cottage-pie-270
98454,923,fish-and-chips-57
86418,566,bubble-and-squeak-414
141330,400,ploughman's-lunch-803
284701,168,poitin-171
40901,183,ploughman's-lunch-191
10940,986,bubble-and-squeak-160
135021,214,fish-and-chips-414
211097,436,fish-and-chips-984
122541,720,bubble-and-squeak-992
169401,471,fish-and-chips-439
121420,538,poitin-309
105604,606,cottage-pie-312
197729,925,cottage-pie-713
264218,500,bubble-and-squeak-67
75493,382,bubble-and-squeak-73
155736,293,fish-and-chips-550
70256,745,poitin-861
208502,326,steak-and-ale-pie-196
261543,268,fish-and-chips-296
208088,516,ploughman's-lunch-574
98683,605,ploughman's-lunch-819
186677,867,steak-and-ale-pie-132
58569,706,bubble-and-squeak-425
180964,5,steak-and-ale-pie-693
284735,606,cottage-pie-10
146293,388,ploughman's-lunch-742
114739,726,poitin-129
81892,669,bubble-and-squeak-875
32207,604,poitin-279
34511,256,bubble-and-squeak-144
108477,154,ploughman's-lunch-361
17955,355,cottage-pie-219
86081,153,ploughman's-lunch-399
183997,461,cottage-pie-653
153260,573,steak-and-ale-pie-540
26503,451,ploughman's-lunch-559
170522,327,cottage-pie-848
131923,14,cottage-pie-634
23281,625,steak-and-ale-pie-140
39981,251,poitin-74
186941,812,poitin-586
70404,783,ploughman's-lunch-782
176129,661,cottage-pie-17
202874,915,steak-and-ale-pie-154
133097,481,fish-and-chips-100
173170,689,steak-and-ale-pie-867
282406,591,steak-and-ale-pie-326
255220,325,ploughman's-lunch-101
248243,619,poitin-460
39633,542,ploughman's-lunch-831
119373,438,ploughman's-lunch-844
271144,123,poitin-970
195367,451,bubble-and-squeak-924
221871,497,ploughman's-lunch-242
74788,493,bubble-and-squeak-483
152271,862,cottage-pie-765
117211,547,poitin-569
75916,823,ploughman's-lunch-103
96588,907,bubble-and-squeak-470
114024,740,fish-and-chips-177
96075,203,ploughman's-lunch-941
24481,258,bubble-and-squeak-529
286168,194,steak-and-ale-pie-935
53356,290,fish-and-chips-671
150716,94,bubble-and-squeak-682
13099,919,steak-and-ale-pie-797
164696,347,cottage-pie-720
87327,464,poitin-603
176438,341,cottage-pie-211
108568,90,ploughman's-lunch-612
59443,824,fish-and-chips-50
21180,870,cottage-pie-203
151228,128,ploughman's-lunch-5
235819,489,fish-and-chips-253
127379,373,steak-and-ale-pie-604
102850,444,fish-and-chips-493
137060,110,poitin-658
212332,399,steak-and-ale-pie-494
10412,606,poitin-653
288851,315,fish-and-chips-832
15890,594,steak-and-ale-pie-967
218288,421,fish-and-chips-720
15623,457,steak-and-ale-pie-124
26515,625,fish-and-chips-809
122101,69,cottage-pie-356
248508,407,ploughman's-lunch-61
30326,87,steak-and-ale-pie-981
197427,296,steak-and-ale-pie-55
281338,115,poitin-636
187313,31,poitin-602
280912,235,cottage-pie-671
156546,339,ploughman's-lunch-153
146151,897,ploughman's-lunch-245
254014,270,ploughman's-lunch-619
148917,463,ploughman's-lunch-40
213674,217,steak-and-ale-pie-449
219957,58,fish-and-chips-691
12266,479,cottage-pie-926
213943,564,cottage-pie-723
174033,214,steak-and-ale-pie-426
171647,213,cottage-pie-37
41996,834,bubble-and-squeak-661
46813,388,cottage-pie-232
180190,948,poitin-741
197020,408,fish-and-chips-60
76692,249,fish-and-chips-52
154334,138,bubble-and-squeak-197
32066,191,steak-and-ale-pie-454
211225,239,ploughman's-lunch-480
203740,72,cottage-pie-932
183576,543,fish-and-chips-289
20810,638,fish-and-chips-124
3963,945,ploughman's-lunch-274
89330,99,steak-and-ale-pie-795
18824,697,fish-and-chips-604
244450,243,ploughman's-lunch-733
18970,553,fish-and-chips-681
62022,99,steak-and-ale-pie-507
239372,136,bubble-and-squeak-293
29530,74,steak-and-ale-pie-165
238142,230,bubble-and-squeak-447
103535,229,poitin-145
9939,537,poitin-625
46533,827,ploughman's-lunch-823
71803,839,cottage-pie-900
295817,660,bubble-and-squeak-112
208070,506,poitin-398
5030,245,ploughman's-lunch-309
11569,732,cottage-pie-828
84576,604,steak-and-ale-pie-593
104422,186,bubble-and-squeak-702
70983,598,bubble-and-squeak-877
97893,244,fish-and-chips-711
290754,724,bubble-and-squeak-59
113106,402,steak-and-ale-pie-575
224949,837,fish-and-chips-110
35031,767,steak-and-ale-pie-341
138997,139,ploughman's-lunch-374
236552,292,poitin-46
279103,292,ploughman's-lunch-653
295844,311,bubble-and-squeak-793
257674,435,steak-and-ale-pie-682
289102,108,cottage-pie-44
274749,663,fish-and-chips-777
186757,805,cottage-pie-245
73314,540,bubble-and-squeak-915
197290,370,ploughman's-lunch-495
28000,549,poitin-366
285538,182,fish-and-chips-219
79017,185,poitin-494
253291,962,bubble-and-squeak-369
217641,8,cottage-pie-755
222969,217,bubble-and-squeak-233
210626,550,poitin-981
224255,22,bubble-and-squeak-319
23388,45,fish-and-chips-57
221683,284,bubble-and-squeak-60
164335,950,bubble-and-squeak-276
178446,146,fish-and-chips-552
176991,480,poitin-560
125368,954,cottage-pie-499
80624,329,steak-and-ale-pie-682
61492,84,cottage-pie-164
29565,329,steak-and-ale-pie-779
101181,269,cottage-pie-130
236619,517,poitin-3
258772,244,poitin-902
264446,502,poitin-279
60737,847,fish-and-chips-288
133201,243,ploughman's-lunch-227
100111,195,bubble-and-squeak-828
227780,794,cottage-pie-126
289342,88,poitin-869
47852,863,bubble-and-squeak-43
2305,337,fish-and-chips-243
65602,210,steak-and-ale-pie-974
27248,522,steak-and-ale-pie-232
132619,492,ploughman's-lunch-906
261353,316,poitin-969
69973,928,cottage-pie-61
284184,311,poitin-756
119749,593,fish-and-chips-870
42066,788,poitin-895
142251,663,poitin-754
189379,992,fish-and-chips-671
260615,673,steak-and-ale-pie-806
47009,381,cottage-pie-392
237085,669,poitin-794
61325,978,steak-and-ale-pie-868
82081,310,cottage-pie-260
131239,418,poitin-601
258684,608,steak-and-ale-pie-432
265782,356,cottage-pie-393
52571,522,steak-and-ale-pie-301
52613,860,poitin-457
80242,537,steak-and-ale-pie-92
24995,100,fish-and-chips-952
127266,542,fish-and-chips-826
104056,216,steak-and-ale-pie-228
28136,241,poitin-87
177464,611,fish-and-chips-390
280148,286,steak-and-ale-pie-729
99594,564,poitin-168
273165,74,cottage-pie-220
170891,694,steak-and-ale-pie-229
83951,527,cottage-pie-177
39314,186,bubble-and-squeak-344
52572,409,bubble-and-squeak-325
87778,360,bubble-and-squeak-602
221761,272,cottage-pie-646
93051,613,poitin-480
101035,589,poitin-611
148335,349,poitin-566
101252,299,steak-and-ale-pie-715
5184,208,cottage-pie-257
200823,321,fish-and-chips-273
261807,598,ploughman's-lunch-213
81183,71,cottage-pie-853
44876,102,bubble-and-squeak-993
284296,603,ploughman's-lunch-919
113707,554,bubble-and-squeak-646
87623,755,steak-and-ale-pie-456
3434,546,bubble-and-squeak-799
66664,762,poitin-850
57182,250,cottage-pie-575
240502,994,bubble-and-squeak-658
15597,706,fish-and-chips-895
215179,825,bubble-and-squeak-459
116138,242,cottage-pie-834
218472,915,ploughman's-lunch-353
118671,704,poitin-629
180459,444,fish-and-chips-223
47741,101,poitin-424
79161,468,bubble-and-squeak-559
5912,771,ploughman's-lunch-408
32103,612,cottage-pie-121
51023,261,ploughman's-lunch-873
119024,59,cottage-pie-189
259418,598,steak-and-ale-pie-82
150959,312,bubble-and-squeak-228
227802,28,bubble-and-squeak-654
126591,743,bubble-and-squeak-743
267165,810,fish-and-chips-207
280995,231,fish-and-chips-808
25665,31,steak-and-ale-pie-566
189865,38,bubble-and-squeak-756
157184,168,poitin-121
265438,181,fish-and-chips-742
105359,439,steak-and-ale-pie-718
53063,490,cottage-pie-741
236558,8,fish-and-chips-303
224457,535,poitin-67
127259,328,cottage-pie-554
121045,497,cottage-pie-895
290866,171,ploughman's-lunch-269
30686,554,cottage-pie-839
239813,135,fish-and-chips-591
83289,222,poitin-560
116922,489,ploughman's-lunch-125
262911,704,fish-and-chips-349
176839,166,poitin-319
209107,825,ploughman's-lunch-294
148913,87,poitin-606
128064,997,bubble-and-squeak-589
30024,446,fish-and-chips-945
237813,999,bubble-and-squeak-347
12591,590,fish-and-chips-704
101042,737,bubble-and-squeak-527
60350,143,ploughman's-lunch-360
77807,949,fish-and-chips-657
83698,417,ploughman's-lunch-625
273965,927,steak-and-ale-pie-630
86016,975,fish-and-chips-16
80775,786,steak-and-ale-pie-431
202441,416,fish-and-chips-839
291038,319,cottage-pie-545
39879,401,poitin-72
260725,655,cottage-pie-872
85795,734,bubble-and-squeak-921
105063,955,cottage-pie-328
270121,957,poitin-337
81039,833,fish-and-chips-941
225090,399,ploughman's-lunch-919
176210,16,poitin-284
124737,623,steak-and-ale-pie-378
102156,448,steak-and-ale-pie-455
33457,456,ploughman's-lunch-800
275154,151,cottage-pie-501
285557,301,bubble-and-squeak-552
123086,710,bubble-and-squeak-830
2375,934,fish-and-chips-453
76372,5,poitin-752
233308,212,fish-and-chips-92
161015,449,fish-and-chips-967
79889,747,bubble-and-squeak-397
284589,505,bubble-and-squeak-628
131044,972,poitin-119
74601,747,bubble-and-squeak-715
95266,146,fish-and-chips-986
70975,262,cottage-pie-365
98933,923,bubble-and-squeak-897
95764,201,cottage-pie-191
163715,42,fish-and-chips-730
45166,391,fish-and-chips-629
175415,614,cottage-pie-301
53624,782,bubble-and-squeak-895
15846,205,ploughman's-lunch-671
27995,603,fish-and-chips-720
182261,918,poitin-347
226769,196,steak-and-ale-pie-601
284496,270,cottage-pie-638
221693,923,cottage-pie-698
196705,359,bubble-and-squeak-308
181046,147,fish-and-chips-593
233016,743,poitin-270
29689,177,steak-and-ale-pie-55
174557,927,cottage-pie-345
69576,138,ploughman's-lunch-292
220017,314,steak-and-ale-pie-439
216603,894,cottage-pie-487
25349,700,cottage-pie-340
145780,172,fish-and-chips-758
269475,754,cottage-pie-114
245447,77,fish-and-chips-20
230862,353,cottage-pie-544
159984,966,ploughman's-lunch-255
98702,508,steak-and-ale-pie-498
188668,566,bubble-and-squeak-596
231351,457,ploughman's-lunch-176
87734,64,bubble-and-squeak-328
290365,775,steak-and-ale-pie-511
207296,546,fish-and-chips-357
89825,76,cottage-pie-407
298051,289,poitin-623
48202,338,bubble-and-squeak-741
168823,355,cottage-pie-403
113489,706,poitin-726
67495,203,bubble-and-squeak-897
1417,984,ploughman's-lunch-394
195636,885,ploughman's-lunch-340
241508,579,poitin-664
32413,834,steak-and-ale-pie-621
137655,490,bubble-and-squeak-196
126414,894,poitin-124
86746,956,steak-and-ale-pie-889
296227,494,cottage-pie-759
9649,993,cottage-pie-190
276643,909,fish-and-chips-217
236688,787,bubble-and-squeak-603
217401,894,ploughman's-lunch-210
212949,839,poitin-214
287203,369,ploughman's-lunch-608
101673,392,ploughman's-lunch-88
44538,718,cottage-pie-578
38533,313,ploughman's-lunch-322
125308,666,poitin-132
93124,905,fish-and-chips-106
177332,434,poitin-407
195954,251,bubble-and-squeak-687
112625,189,fish-and-chips-149
21606,614,ploughman's-lunch-704
64745,432,fish-and-chips-413
230760,418,fish-and-chips-427
230638,181,poitin-149
226327,254,cottage-pie-354
139616,793,ploughman's-lunch-88
59547,426,cottage-pie-308
56695,352,fish-and-chips-719
234660,859,ploughman's-lunch-451
273787,69,poitin-523
194303,56,cottage-pie-40
256973,413,fish-and-chips-971
227565,805,steak-and-ale-pie-399
115888,194,bubble-and-squeak-26
189221,480,fish-and-chips-720
865,604,poitin-830
177344,919,fish-and-chips-950
219162,976,steak-and-ale-pie-472
89593,984,fish-and-chips-808
176775,194,poitin-784
100284,702,cottage-pie-577
158637,499,bubble-and-squeak-97
37757,761,steak-and-ale-pie-754
167788,597,poitin-315
263035,119,steak-and-ale-pie-695
238489,336,bubble-and-squeak-660
36631,345,ploughman's-lunch-850
255229,461,cottage-pie-848
294211,915,bubble-and-squeak-488
143072,952,bubble-and-squeak-569
152418,703,cottage-pie-163
89590,70,fish-and-chips-729
131353,820,bubble-and-squeak-241
181784,605,fish-and-chips-925
292929,773,ploughman's-lunch-608
226023,756,bubble-and-squeak-765
142958,74,cottage-pie-407
154361,413,ploughman's-lunch-21
246017,749,poitin-115
416,530,ploughman's-lunch-390
88800,437,bubble-and-squeak-224
169770,714,ploughman's-lunch-426
186119,929,fish-and-chips-768
132748,495,ploughman's-lunch-346
247314,761,steak-and-ale-pie-499
103478,925,fish-and-chips-985
224818,373,ploughman's-lunch-669
173141,62,poitin-351
228422,368,bubble-and-squeak-45
152226,12,cottage-pie-664
108549,661,bubble-and-squeak-400
148877,838,poitin-714
278691,903,poitin-948
115398,455,fish-and-chips-672
116525,556,steak-and-ale-pie-778
108085,292,fish-and-chips-664
274630,446,bubble-and-squeak-912
226225,104,bubble-and-squeak-659
249862,238,steak-and-ale-pie-739
65249,461,cottage-pie-529
169575,473,poitin-228
242227,365,bubble-and-squeak-253
266744,811,fish-and-chips-741
38071,145,bubble-and-squeak-880
18633,41,steak-and-ale-pie-997
246279,518,cottage-pie-418
221987,633,ploughman's-lunch-750
273456,559,cottage-pie-120
3525,368,fish-and-chips-270
113147,541,bubble-and-squeak-688
250615,248,fish-and-chips-60
32043,851,poitin-208
223492,407,steak-and-ale-pie-269
27620,940,fish-and-chips-345
230789,6,fish-and-chips-71
257840,8,ploughman's-lunch-115
75429,2,ploughman's-lunch-361
110615,549,bubble-and-squeak-112
5018,850,fish-and-chips-182
162054,521,poitin-79
52315,176,poitin-722
291562,391,bubble-and-squeak-602
110403,706,cottage-pie-111
264346,825,bubble-and-squeak-431
245685,402,ploughman's-lunch-171
132251,713,bubble-and-squeak-760
107238,393,poitin-202
232681,838,fish-and-chips-270
190495,117,ploughman's-lunch-673
250233,911,steak-and-ale-pie-79
190681,72,ploughman's-lunch-904
264594,202,bubble-and-squeak-158
8692,247,poitin-102
271642,725,ploughman's-lunch-223
132461,269,cottage-pie-379
5712,325,poitin-452
39732,243,fish-and-chips-489
108548,266,cottage-pie-415
98733,994,poitin-986
171275,68,fish-and-chips-629
105634,358,poitin-259
223185,972,bubble-and-squeak-268
235181,948,cottage-pie-455
73434,231,fish-and-chips-453
270877,591,cottage-pie-276
81535,816,ploughman's-lunch-985
181007,541,ploughman's-lunch-875
299553,116,fish-and-chips-517
225282,147,fish-and-chips-131
4509,839,steak-and-ale-pie-174
192672,752,fish-and-chips-227
22365,55,bubble-and-squeak-753
121970,422,steak-and-ale-pie-675
294947,770,ploughman's-lunch-753
136305,203,cottage-pie-720
134737,881,cottage-pie-846
174621,959,steak-and-ale-pie-180
279875,528,bubble-and-squeak-905
75885,776,ploughman's-lunch-917
211239,127,ploughman's-lunch-665
293154,879,ploughman's-lunch-139
100436,820,steak-and-ale-pie-757
174246,570,poitin-828
95543,176,poitin-402
44665,77,ploughman's-lunch-386
5000,995,fish-and-chips-902
95216,992,fish-and-chips-284
296204,740,bubble-and-squeak-515
181515,181,ploughman's-lunch-710
200196,92,fish-and-chips-892
200904,842,cottage-pie-195
208484,706,bubble-and-squeak-185
155812,42,bubble-and-squeak-790
167253,611,fish-and-chips-603
95774,663,poitin-149
99955,826,ploughman's-lunch-101
178145,656,bubble-and-squeak-261
223486,47,steak-and-ale-pie-205
116190,795,ploughman's-lunch-617
109930,406,bubble-and-squeak-538
240734,574,bubble-and-squeak-848
176302,481,ploughman's-lunch-289
113986,431,poitin-44
223434,303,poitin-518
220745,785,fish-and-chips-427
276353,367,cottage-pie-730
173889,169,bubble-and-squeak-975
228317,794,fish-and-chips-57
219120,514,poitin-338
78868,701,bubble-and-squeak-907
32998,988,cottage-pie-740
179992,747,fish-and-chips-707
241187,751,bubble-and-squeak-619
196013,711,steak-and-ale-pie-982
89845,913,fish-and-chips-657
24128,923,poitin-643
2110,76,poitin-267
161506,708,cottage-pie-464
113064,812,cottage-pie-557
185560,348,fish-and-chips-450
11464,793,ploughman's-lunch-468
269166,281,steak-and-ale-pie-855
236782,53,steak-and-ale-pie-776
73832,498,ploughman's-lunch-821
48368,880,fish-and-chips-379
296094,394,ploughman's-lunch-211
243615,133,cottage-pie-197
192157,769,cottage-pie-503
48320,498,ploughman's-lunch-553
270498,393,fish-and-chips-706
188163,789,poitin-391
250771,380,steak-and-ale-pie-304
99090,616,fish-and-chips-236
38228,949,fish-and-chips-493
28812,307,fish-and-chips-297
55117,226,ploughman's-lunch-350
201135,855,fish-and-chips-883
226844,652,ploughman's-lunch-811
60911,594,poitin-316
288670,745,fish-and-chips-163
160682,148,cottage-pie-143
10098,141,poitin-638
75850,249,steak-and-ale-pie-628
101136,27,bubble-and-squeak-988
115039,211,cottage-pie-844
98285,485,steak-and-ale-pie-392
261432,447,fish-and-chips-843
58554,329,poitin-35
118207,665,steak-and-ale-pie-290
154701,379,poitin-298
252852,917,fish-and-chips-463
182587,465,steak-and-ale-pie-37
220679,679,steak-and-ale-pie-272
282866,155,cottage-pie-89
47292,256,steak-and-ale-pie-675
6775,922,bubble-and-squeak-396
153321,885,poitin-390
205708,836,ploughman's-lunch-141
167299,700,steak-and-ale-pie-376
119011,461,steak-and-ale-pie-601
12574,165,cottage-pie-501
101465,286,cottage-pie-850
292273,298,cottage-pie-949
267180,133,ploughman's-lunch-676
123825,764,bubble-and-squeak-967
278398,186,poitin-909
97662,825,steak-and-ale-pie-791
166039,625,poitin-104
199027,394,fish-and-chips-948
52752,152,fish-and-chips-751
61238,419,steak-and-ale-pie-894
283475,82,bubble-and-squeak-440
172668,830,fish-and-chips-823
131633,18,fish-and-chips-391
245321,829,cottage-pie-715
122036,114,bubble-and-squeak-659
119183,266,cottage-pie-30
88904,23,cottage-pie-891
107984,55,ploughman's-lunch-251
215075,533,steak-and-ale-pie-889
167690,248,poitin-462
57927,955,fish-and-chips-232
154417,1,cottage-pie-452
159520,430,poitin-330
225312,119,steak-and-ale-pie-16
138506,941,bubble-and-squeak-83
196140,94,fish-and-chips-415
252489,925,bubble-and-squeak-339
161933,360,poitin-842
20480,144,bubble-and-squeak-842
140054,218,fish-and-chips-36
96697,519,ploughman's-lunch-904
183483,441,bubble-and-squeak-690
77718,639,cottage-pie-631
240508,489,ploughman's-lunch-423
224642,156,poitin-238
135350,671,fish-and-chips-491
138767,731,bubble-and-squeak-397
231147,882,cottage-pie-387
267856,371,bubble-and-squeak-549
181217,342,fish-and-chips-114
5987,367,fish-and-chips-262
69844,129,bubble-and-squeak-905
40789,499,cottage-pie-788
78418,604,bubble-and-squeak-706
10151,4,fish-and-chips-195
12883,678,poitin-916
168864,829,ploughman's-lunch-949
193944,131,steak-and-ale-pie-661
108010,174,cottage-pie-348
136788,122,bubble-and-squeak-603
242526,774,steak-and-ale-pie-244
254001,654,bubble-and-squeak-873
160160,332,bubble-and-squeak-636
102366,298,fish-and-chips-108
225521,150,fish-and-chips-835
40075,576,ploughman's-lunch-136
15760,909,cottage-pie-874
274905,764,poitin-35
264586,896,poitin-947
214096,252,poitin-2
162571,934,ploughman's-lunch-922
245405,183,cottage-pie-511
108943,44,steak-and-ale-pie-334
247139,922,fish-and-chips-898
245288,895,fish-and-chips-268
78120,519,cottage-pie-501
176746,459,ploughman's-lunch-532
96688,851,cottage-pie-899
98295,492,bubble-and-squeak-104
227125,770,poitin-680
291019,71,fish-and-chips-426
69105,303,fish-and-chips-505
158165,341,poitin-997
92974,144,steak-and-ale-pie-448
182424,941,poitin-148
2654,175,fish-and-chips-437
14677,196,ploughman's-lunch-177
133248,847,fish-and-chips-994
54430,500,fish-and-chips-795
83807,124,fish-and-chips-801
35140,693,ploughman's-lunch-10
190680,109,poitin-299
166323,438,bubble-and-squeak-485
281000,137,bubble-and-squeak-58
93133,363,poitin-864
258538,870,cottage-pie-152
292478,51,fish-and-chips-64
101180,98,poitin-41
124944,495,ploughman's-lunch-44
48246,16,poitin-501
212744,67,cottage-pie-961
242776,319,fish-and-chips-17
16949,875,fish-and-chips-246
152598,995,poitin-36
276759,520,steak-and-ale-pie-71
80534,461,fish-and-chips-1000
244357,503,poitin-630
124848,34,bubble-and-squeak-143
34520,147,fish-and-chips-878
109824,163,ploughman's-lunch-926
100864,842,bubble-and-squeak-705
246918,81,steak-and-ale-pie-189
203002,504,ploughman's-lunch-945
118158,226,steak-and-ale-pie-971
92109,616,poitin-949
218359,390,ploughman's-lunch-966
296821,443,cottage-pie-801
26451,682,ploughman's-lunch-787
208959,677,steak-and-ale-pie-585
134431,821,ploughman's-lunch-301
106958,534,steak-and-ale-pie-430
213158,75,cottage-pie-465
249933,225,bubble-and-squeak-207
170671,833,fish-and-chips-605
68169,547,fish-and-chips-130
19961,33,steak-and-ale-pie-552
147728,323,fish-and-chips-387
210596,932,steak-and-ale-pie-147
144298,285,cottage-pie-334
119446,488,cottage-pie-465
98242,650,cottage-pie-568
48566,672,cottage-pie-32
72576,804,cottage-pie-777
183030,617,cottage-pie-992
126098,84,cottage-pie-658
46126,910,ploughman's-lunch-267
69038,1000,poitin-374
76839,874,fish-and-chips-414
69435,218,bubble-and-squeak-49
79168,220,bubble-and-squeak-545
17352,805,steak-and-ale-pie-716
144095,315,fish-and-chips-556
12623,681,cottage-pie-943
60548,780,poitin-915
188225,826,ploughman's-lunch-482
3390,826,fish-and-chips-866
220162,325,cottage-pie-476
18927,907,ploughman's-lunch-790
291218,492,ploughman's-lunch-242
71098,715,cottage-pie-677
130911,892,bubble-and-squeak-920
217936,639,cottage-pie-620
100827,298,bubble-and-squeak-313
89655,825,fish-and-chips-405
55546,933,poitin-327
97195,209,poitin-553
223906,313,ploughman's-lunch-469
238560,257,fish-and-chips-442
6183,317,bubble-and-squeak-204
11288,783,cottage-pie-121
152224,541,ploughman's-lunch-362
196033,847,bubble-and-squeak-250
73431,442,steak-and-ale-pie-760
92746,512,fish-and-chips-104
36308,287,cottage-pie-683
284219,342,cottage-pie-847
259323,54,poitin-208
260493,314,steak-and-ale-pie-560
27509,177,steak-and-ale-pie-969
273137,347,ploughman's-lunch-459
134800,910,bubble-and-squeak-944
106146,351,fish-and-chips-69
261320,36,steak-and-ale-pie-262
234460,394,bubble-and-squeak-200
207943,250,fish-and-chips-409
166170,301,bubble-and-squeak-719
160599,480,poitin-805
277558,201,bubble-and-squeak-733
146932,375,steak-and-ale-pie-106
14347,381,steak-and-ale-pie-502
262896,34,steak-and-ale-pie-281
75867,582,cottage-pie-361
122626,766,bubble-and-squeak-923
85694,494,poitin-323
113428,724,poitin-960
41661,315,poitin-536
240100,558,poitin-371
50683,16,bubble-and-squeak-450
116069,904,cottage-pie-554
38184,414,fish-and-chips-138
31266,551,steak-and-ale-pie-976
113645,220,bubble-and-squeak-960
83951,45,poitin-684
266102,127,ploughman's-lunch-253
257950,193,fish-and-chips-369
162535,563,fish-and-chips-448
154511,803,fish-and-chips-935
200631,114,steak-and-ale-pie-459
262161,131,fish-and-chips-453
89223,602,bubble-and-squeak-540
33734,619,cottage-pie-248
134780,472,poitin-660
274455,598,fish-and-chips-80
154794,496,poitin-537
170200,246,steak-and-ale-pie-464
259122,127,cottage-pie-195
243071,937,poitin-135
115992,720,bubble-and-squeak-298
111423,899,cottage-pie-415
283467,620,ploughman's-lunch-475
93274,599,steak-and-ale-pie-191
69139,703,poitin-112
199361,608,bubble-and-squeak-529
162586,739,steak-and-ale-pie-506
257924,350,fish-and-chips-860
192076,381,steak-and-ale-pie-845
144802,630,poitin-567
102594,188,poitin-765
105797,411,cottage-pie-687
41029,678,bubble-and-squeak-107
273771,552,bubble-and-squeak-46
97017,188,cottage-pie-306
50112,100,steak-and-ale-pie-843
165754,322,poitin-873
205737,377,ploughman's-lunch-386
116109,658,bubble-and-squeak-754
217342,223,poitin-840
1079,988,steak-and-ale-pie-87
64943,230,ploughman's-lunch-166
72277,847,poitin-414
62142,626,bubble-and-squeak-631
268762,898,ploughman's-lunch-368
266145,727,fish-and-chips-747
79177,219,poitin-411
251842,867,ploughman's-lunch-790
286134,449,bubble-and-squeak-115
25529,429,bubble-and-squeak-721
114406,905,fish-and-chips-802
57371,488,fish-and-chips-712
172940,905,ploughman's-lunch-916
273477,246,ploughman's-lunch-845
208607,212,cottage-pie-79
194476,943,bubble-and-squeak-511
230955,103,ploughman's-lunch-683
179420,215,poitin-892
126008,421,ploughman's-lunch-747
72393,763,fish-and-chips-944
294918,78,cottage-pie-76
261475,76,fish-and-chips-571
81149,853,ploughman's-lunch-854
91710,611,ploughman's-lunch-494
260573,258,fish-and-chips-548
68270,176,ploughman's-lunch-405
259192,375,cottage-pie-131
15328,737,bubble-and-squeak-594
234738,895,ploughman's-lunch-178
145958,913,fish-and-chips-857
225920,561,poitin-388
225508,203,fish-and-chips-989
247169,466,fish-and-chips-934
5693,1000,steak-and-ale-pie-843
147762,512,cottage-pie-317
8653,437,bubble-and-squeak-96
139514,665,poitin-990
63224,678,cottage-pie-359
39753,776,steak-and-ale-pie-723
182112,558,cottage-pie-21
274577,628,poitin-216
265673,148,fish-and-chips-575
212699,469,bubble-and-squeak-902
260666,93,ploughman's-lunch-297
22741,319,steak-and-ale-pie-590
231648,305,bubble-and-squeak-115
102502,17,steak-and-ale-pie-838
65015,701,steak-and-ale-pie-734
180965,213,steak-and-ale-pie-195
262282,592,bubble-and-squeak-162
184603,288,ploughman's-lunch-902
117087,270,fish-and-chips-198
287290,472,cottage-pie-46
119293,108,cottage-pie-51
79271,792,bubble-and-squeak-311
185468,52,bubble-and-squeak-242
55803,959,cottage-pie-605
173850,635,bubble-and-squeak-742
6164,503,steak-and-ale-pie-642
48577,49,fish-and-chips-369
193051,181,bubble-and-squeak-468
108277,137,bubble-and-squeak-828
128629,917,fish-and-chips-46
141110,214,steak-and-ale-pie-175
274963,327,fish-and-chips-684
131254,926,steak-and-ale-pie-728
61836,647,cottage-pie-759
276967,136,fish-and-chips-988
78716,778,bubble-and-squeak-219
155926,439,cottage-pie-808
151222,638,fish-and-chips-302
94771,904,steak-and-ale-pie-823
175273,533,poitin-279
242936,309,ploughman's-lunch-274
201395,634,cottage-pie-120
72398,34,poitin-540
32393,497,poitin-502
204080,673,poitin-610
23114,739,cottage-pie-54
158540,966,bubble-and-squeak-661
125780,711,bubble-and-squeak-505
163609,964,poitin-457
18421,315,poitin-230
240487,130,poitin-689
14279,285,fish-and-chips-614
132809,679,fish-and-chips-168
12994,125,poitin-876
271345,836,cottage-pie-641
70870,684,ploughman's-lunch-250
80361,236,fish-and-chips-361
102587,606,ploughman's-lunch-163
221775,276,fish-and-chips-50
69682,294,steak-and-ale-pie-614
21255,236,bubble-and-squeak-926
290329,859,ploughman's-lunch-208
228690,83,bubble-and-squeak-500
142564,235,ploughman's-lunch-416
194114,428,fish-and-chips-576
174031,577,cottage-pie-964
222997,357,cottage-pie-663
162886,5,ploughman's-lunch-918
34067,600,fish-and-chips-623
242508,811,bubble-and-squeak-658
71040,364,steak-and-ale-pie-859
231608,142,ploughman's-lunch-575
134590,306,bubble-and-squeak-43
18452,399,bubble-and-squeak-854
197108,672,bubble-and-squeak-261
60541,107,poitin-714
243244,634,steak-and-ale-pie-678
17140,174,fish-and-chips-269
170763,76,cottage-pie-145
139813,740,bubble-and-squeak-170
201531,463,bubble-and-squeak-37
27361,764,ploughman's-lunch-722
152475,379,fish-and-chips-399
257985,476,poitin-144
127160,180,poitin-798
26252,483,fish-and-chips-150
124895,512,bubble-and-squeak-996
132090,518,bubble-and-squeak-798
197838,161,bubble-and-squeak-968
78405,205,fish-and-chips-654
292205,447,fish-and-chips-517
90629,90,poitin-128
76289,153,ploughman's-lunch-442
192086,349,steak-and-ale-pie-361
121688,840,cottage-pie-625
162170,109,ploughman's-lunch-354
158149,14,ploughman's-lunch-159
284197,429,poitin-520
178533,994,steak-and-ale-pie-460
282103,769,fish-and-chips-140
226524,922,cottage-pie-335
192082,192,ploughman's-lunch-535
189323,781,fish-and-chips-990
119949,253,poitin-482
90145,96,steak-and-ale-pie-148
89719,489,bubble-and-squeak-431
247287,828,steak-and-ale-pie-126
262149,80,bubble-and-squeak-830
107844,861,cottage-pie-630
284971,640,poitin-985
52360,153,bubble-and-squeak-150
30761,995,bubble-and-squeak-568
21424,488,cottage-pie-53
72511,233,bubble-and-squeak-153
11336,119,bubble-and-squeak-643
119800,8,poitin-990
291469,479,steak-and-ale-pie-240
242929,645,cottage-pie-663
151039,701,poitin-28
213969,378,bubble-and-squeak-230
137058,558,bubble-and-squeak-675
211931,603,poitin-616
278686,398,bubble-and-squeak-887
155301,227,poitin-690
215819,404,ploughman's-lunch-891
19969,497,poitin-710
120258,379,poitin-554
216930,984,cottage-pie-277
151988,893,cottage-pie-906
180626,981,ploughman's-lunch-603
55337,797,cottage-pie-259
205665,650,cottage-pie-409
147878,754,steak-and-ale-pie-482
177229,370,fish-and-chips-98
197729,584,cottage-pie-267
289515,218,poitin-19
131331,875,ploughman's-lunch-499
32319,375,bubble-and-squeak-646
67373,557,bubble-and-squeak-21
20732,204,bubble-and-squeak-143
65930,267,cottage-pie-856
160036,49,poitin-138
38370,759,poitin-568
60748,743,cottage-pie-887
2735,741,poitin-557
139518,482,steak-and-ale-pie-7
261233,363,ploughman's-lunch-55
18502,244,fish-and-chips-760
266552,668,ploughman's-lunch-368
236283,72,bubble-and-squeak-16
222149,739,steak-and-ale-pie-936
276594,752,poitin-724
257801,571,ploughman's-lunch-484
97820,761,fish-and-chips-772
185483,83,cottage-pie-978
239384,409,ploughman's-lunch-729
97592,226,poitin-429
197860,789,steak-and-ale-pie-254
187407,20,fish-and-chips-54
89257,135,fish-and-chips-652
281466,691,fish-and-chips-866
192538,913,ploughman's-lunch-323
13134,70,cottage-pie-497
293034,170,bubble-and-squeak-629
126884,541,ploughman's-lunch-231
112923,295,cottage-pie-939
70369,50,ploughman's-lunch-761
49921,392,bubble-and-squeak-119
98609,730,poitin-72
138757,791,fish-and-chips-968
170159,886,cottage-pie-351
111772,282,cottage-pie-478
230175,665,cottage-pie-531
43141,629,steak-and-ale-pie-758
101961,274,poitin-568
60724,121,cottage-pie-456
190355,903,bubble-and-squeak-550
140644,328,cottage-pie-642
217237,35,ploughman's-lunch-485
137779,370,ploughman's-lunch-651
64601,497,poitin-174
182831,210,steak-and-ale-pie-52
290027,450,bubble-and-squeak-518
142767,53,poitin-23
272904,858,ploughman's-lunch-51
104365,241,fish-and-chips-820
95215,701,bubble-and-squeak-649
186770,129,cottage-pie-146
18465,38,poitin-542
172810,42,cottage-pie-865
247399,919,poitin-569
85593,87,steak-and-ale-pie-561
163951,107,fish-and-chips-398
204412,648,cottage-pie-284
89839,555,ploughman's-lunch-321
253013,81,bubble-and-squeak-776
115745,227,poitin-480
88846,637,bubble-and-squeak-854
18318,697,bubble-and-squeak-329
7475,118,cottage-pie-564
94693,391,ploughman's-lunch-831
123249,37,cottage-pie-441
161611,846,fish-and-chips-870
255550,630,fish-and-chips-740
140762,943,steak-and-ale-pie-545
131057,747,ploughman's-lunch-320
240651,691,cottage-pie-854
296898,569,fish-and-chips-590
118935,996,ploughman's-lunch-490
299140,576,ploughman's-lunch-161
237540,427,ploughman's-lunch-734
248928,827,bubble-and-squeak-186
228944,822,fish-and-chips-937
159081,620,fish-and-chips-582
32130,195,fish-and-chips-687
177722,549,steak-and-ale-pie-658
98700,792,fish-and-chips-901
211691,121,ploughman's-lunch-417
291559,438,steak-and-ale-pie-594
67496,43,bubble-and-squeak-650
147161,140,cottage-pie-687
168330,553,fish-and-chips-549
69437,796,steak-and-ale-pie-698
281528,46,steak-and-ale-pie-109
291702,19,cottage-pie-861
74370,363,steak-and-ale-pie-196
152277,84,poitin-819
22312,99,fish-and-chips-457
75696,400,cottage-pie-740
36474,354,bubble-and-squeak-775
245699,459,steak-and-ale-pie-881
110668,42,bubble-and-squeak-135
212269,688,ploughman's-lunch-464
132168,406,cottage-pie-378
65767,621,cottage-pie-539
11351,390,bubble-and-squeak-39
94254,174,ploughman's-lunch-626
91376,323,ploughman's-lunch-745
36629,310,bubble-and-squeak-660
165618,459,ploughman's-lunch-599
120137,390,poitin-815
79813,807,bubble-and-squeak-626
79043,894,steak-and-ale-pie-383
19587,308,steak-and-ale-pie-512
267802,217,steak-and-ale-pie-880
60692,526,ploughman's-lunch-53
282771,887,cottage-pie-121
296304,521,poitin-609
293458,93,ploughman's-lunch-550
169144,493,bubble-and-squeak-297
45691,988,steak-and-ale-pie-70
135501,849,fish-and-chips-425
291990,61,fish-and-chips-827
22409,935,poitin-426
153870,7,ploughman's-lunch-594
38673,290,steak-and-ale-pie-883
271027,251,cottage-pie-476
173302,834,bubble-and-squeak-696
37074,117,ploughman's-lunch-384
72975,481,cottage-pie-568
74993,249,ploughman's-lunch-987
122836,408,bubble-and-squeak-332
170763,492,fish-and-chips-127
242458,882,poitin-443
14066,942,bubble-and-squeak-637
282246,440,ploughman's-lunch-179
269306,68,fish-and-chips-642
287414,17,steak-and-ale-pie-471
290365,812,cottage-pie-541
145357,961,poitin-558
208414,880,cottage-pie-673
183674,402,steak-and-ale-pie-523
149500,732,bubble-and-squeak-265
85660,966,bubble-and-squeak-846
84220,677,ploughman's-lunch-88
69621,5,ploughman's-lunch-272
88961,342,fish-and-chips-425
145357,194,cottage-pie-953
211171,154,bubble-and-squeak-585
26382,14,bubble-and-squeak-546
115946,603,bubble-and-squeak-399
81369,420,steak-and-ale-pie-953
184885,332,fish-and-chips-586
21769,639,poitin-845
56057,551,fish-and-chips-656
231670,943,fish-and-chips-481
109650,602,bubble-and-squeak-800
63288,504,ploughman's-lunch-336
127858,129,ploughman's-lunch-293
271847,42,poitin-741
225648,879,steak-and-ale-pie-547
286797,203,steak-and-ale-pie-721
35622,218,bubble-and-squeak-589
250328,452,poitin-843
238970,332,steak-and-ale-pie-358
133975,201,poitin-36
214759,504,fish-and-chips-816
116991,366,fish-and-chips-65
79124,234,cottage-pie-761
291981,854,bubble-and-squeak-354
259533,899,steak-and-ale-pie-893
127065,126,bubble-and-squeak-508
267152,914,cottage-pie-548
39807,280,poitin-459
145602,474,steak-and-ale-pie-833
250231,111,cottage-pie-993
128407,274,fish-and-chips-933
215453,611,steak-and-ale-pie-270
212341,668,ploughman's-lunch-691
152038,538,ploughman's-lunch-410
149987,569,bubble-and-squeak-713
230653,296,ploughman's-lunch-186
73277,627,ploughman's-lunch-237
286794,745,bubble-and-squeak-642
189693,632,fish-and-chips-50
271132,300,ploughman's-lunch-327
264992,207,poitin-891
204453,563,cottage-pie-242
184794,533,cottage-pie-367
249228,562,steak-and-ale-pie-669
165247,221,bubble-and-squeak-430
223361,19,cottage-pie-111
116753,327,bubble-and-squeak-496
24127,892,fish-and-chips-682
167497,30,ploughman's-lunch-890
298727,821,cottage-pie-187
183075,392,bubble-and-squeak-689
8568,111,poitin-103
199251,203,ploughman's-lunch-404
95962,794,poitin-39
190769,344,cottage-pie-898
15479,64,poitin-343
234934,125,ploughman's-lunch-778
248519,934,fish-and-chips-449
212239,742,bubble-and-squeak-907
181021,461,poitin-929
59714,37,ploughman's-lunch-512
296281,207,bubble-and-squeak-656
283438,48,fish-and-chips-946
143557,184,cottage-pie-689
184881,935,poitin-368
131624,348,steak-and-ale-pie-385
225137,885,cottage-pie-212
182647,856,bubble-and-squeak-161
238705,97,ploughman's-lunch-929
205197,20,steak-and-ale-pie-191
149139,404,fish-and-chips-133
299690,928,ploughman's-lunch-381
170911,300,cottage-pie-348
39760,194,poitin-988
109860,302,steak-and-ale-pie-772
82276,597,poitin-436
110838,893,cottage-pie-665
62619,42,cottage-pie-849
89517,539,ploughman's-lunch-841
70024,85,ploughman's-lunch-488
150625,433,steak-and-ale-pie-809
153231,87,cottage-pie-550
29596,2,ploughman's-lunch-234
63343,846,ploughman's-lunch-7
179046,830,poitin-261
172668,656,steak-and-ale-pie-967
26948,170,ploughman's-lunch-571
57606,898,steak-and-ale-pie-769
102093,662,steak-and-ale-pie-88
109925,354,poitin-527
103224,634,bubble-and-squeak-731
99019,670,cottage-pie-836
90120,652,poitin-385
118791,596,cottage-pie-625
258152,114,ploughman's-lunch-770
67709,278,ploughman's-lunch-2
58881,630,fish-and-chips-261
207503,169,fish-and-chips-855
134861,873,bubble-and-squeak-637
283798,479,steak-and-ale-pie-142
272728,912,steak-and-ale-pie-473
174390,256,steak-and-ale-pie-333
128159,905,poitin-324
22378,870,steak-and-ale-pie-367
126165,442,ploughman's-lunch-5
42283,986,steak-and-ale-pie-269
132998,31,bubble-and-squeak-496
103264,929,bubble-and-squeak-515
238309,921,ploughman's-lunch-208
265912,16,bubble-and-squeak-795
291773,422,poitin-627
103477,12,cottage-pie-742
95704,577,bubble-and-squeak-764
53623,96,fish-and-chips-316
41551,408,ploughman's-lunch-494
207728,391,bubble-and-squeak-542
163349,668,cottage-pie-544
143484,384,bubble-and-squeak-625
299446,465,fish-and-chips-866
41946,684,steak-and-ale-pie-634
269424,709,ploughman's-lunch-877
296563,905,steak-and-ale-pie-926
89985,741,fish-and-chips-315
87831,602,bubble-and-squeak-654
115499,624,cottage-pie-954
246610,959,fish-and-chips-129
267168,674,poitin-566
98864,322,cottage-pie-486
119178,654,poitin-332
56423,839,cottage-pie-270
251465,445,bubble-and-squeak-439
238198,645,ploughman's-lunch-337
138546,726,poitin-151
282554,427,poitin-118
229785,546,fish-and-chips-323
90308,602,bubble-and-squeak-397
186321,211,fish-and-chips-181
294494,571,cottage-pie-354
259351,463,poitin-402
147396,213,poitin-612
171851,443,ploughman's-lunch-268
5902,734,ploughman's-lunch-911
174220,72,fish-and-chips-91
238019,978,bubble-and-squeak-182
33616,170,bubble-and-squeak-464
152618,151,cottage-pie-578
213820,750,steak-and-ale-pie-449
223989,262,fish-and-chips-33
47538,204,poitin-215
55483,890,ploughman's-lunch-425
91021,878,cottage-pie-2
114099,184,ploughman's-lunch-506
137347,768,fish-and-chips-982
146219,33,bubble-and-squeak-722
44767,40,bubble-and-squeak-546
193231,224,steak-and-ale-pie-107
170597,387,fish-and-chips-637
198601,231,ploughman's-lunch-138
241455,593,fish-and-chips-402
99893,124,fish-and-chips-203
280474,57,steak-and-ale-pie-750
210048,817,fish-and-chips-79
141178,811,fish-and-chips-76
252434,91,poitin-194
261758,978,poitin-541
167954,118,poitin-814
111581,239,poitin-622
199562,504,fish-and-chips-294
25517,932,poitin-975
191740,877,ploughman's-lunch-282
276960,730,ploughman's-lunch-157
73233,839,steak-and-ale-pie-55
257325,671,cottage-pie-109
157509,716,bubble-and-squeak-493
113887,227,bubble-and-squeak-996
165643,865,ploughman's-lunch-183
43324,66,bubble-and-squeak-327
171935,409,ploughman's-lunch-843
239661,797,poitin-493
210778,927,bubble-and-squeak-457
242831,323,steak-and-ale-pie-16
283703,638,ploughman's-lunch-483
7637,777,fish-and-chips-866
108293,561,ploughman's-lunch-642
45422,770,fish-and-chips-915
180324,310,fish-and-chips-174
21570,164,cottage-pie-28
96986,661,fish-and-chips-352
77266,63,cottage-pie-143
75025,354,poitin-98
181699,853,bubble-and-squeak-411
178251,878,cottage-pie-63
19682,88,ploughman's-lunch-187
237850,476,ploughman's-lunch-853
184173,756,cottage-pie-42
186046,872,steak-and-ale-pie-830
211307,325,cottage-pie-496
195777,281,bubble-and-squeak-182
87885,704,cottage-pie-559
170530,813,ploughman's-lunch-844
121252,502,fish-and-chips-358
291340,463,ploughman's-lunch-862
228938,530,ploughman's-lunch-128
154708,935,ploughman's-lunch-599
83625,885,steak-and-ale-pie-349
16480,1000,poitin-947
36434,982,fish-and-chips-438
199952,951,ploughman's-lunch-641
22882,902,steak-and-ale-pie-190
295334,129,bubble-and-squeak-423
266930,671,ploughman's-lunch-154
110827,689,steak-and-ale-pie-256
111678,742,poitin-803
240648,800,cottage-pie-258
96340,367,ploughman's-lunch-206
28394,858,ploughman's-lunch-11
261811,549,fish-and-chips-369
43815,479,steak-and-ale-pie-531
16399,394,fish-and-chips-108
70011,844,poitin-901
253799,615,cottage-pie-585
95290,152,poitin-3
188483,132,bubble-and-squeak-160
33867,622,cottage-pie-181
177634,123,ploughman's-lunch-744
131449,840,fish-and-chips-162
65350,606,bubble-and-squeak-705
204991,367,cottage-pie-468
289976,72,poitin-172
87629,147,cottage-pie-404
38632,538,cottage-pie-830
267332,532,bubble-and-squeak-507
57125,161,ploughman's-lunch-978
5739,271,bubble-and-squeak-355
53261,433,bubble-and-squeak-722
284441,983,fish-and-chips-525
140400,847,ploughman's-lunch-801
207683,357,ploughman's-lunch-22
164775,96,poitin-867
179041,759,bubble-and-squeak-42
258451,443,poitin-376
267227,57,poitin-374
236248,469,ploughman's-lunch-476
13809,309,steak-and-ale-pie-918
29533,791,steak-and-ale-pie-399
141702,1,ploughman's-lunch-245
100288,510,steak-and-ale-pie-912
144261,384,ploughman's-lunch-134
269567,249,bubble-and-squeak-219
96340,849,steak-and-ale-pie-111
747,338,steak-and-ale-pie-239
197276,925,fish-and-chips-988
31185,251,bubble-and-squeak-993
20103,290,poitin-150
8319,682,ploughman's-lunch-248
14808,223,fish-and-chips-983
32245,412,cottage-pie-316
269473,264,fish-and-chips-425
255236,933,cottage-pie-203
77375,365,steak-and-ale-pie-913
99188,540,bubble-and-squeak-97
291674,577,fish-and-chips-859
287497,556,ploughman's-lunch-67
128656,34,ploughman's-lunch-835
115009,927,ploughman's-lunch-473
241554,418,ploughman's-lunch-848
29365,882,poitin-394
102930,436,cottage-pie-739
26957,194,steak-and-ale-pie-21
175283,400,poitin-704
143597,267,bubble-and-squeak-349
216362,507,steak-and-ale-pie-891
120980,504,fish-and-chips-681
281070,972,poitin-561
227612,61,bubble-and-squeak-944
190218,726,ploughman's-lunch-577
35876,331,poitin-93
38350,725,fish-and-chips-541
109825,850,ploughman's-lunch-497
101502,563,poitin-10
190768,295,steak-and-ale-pie-658
231141,766,ploughman's-lunch-136
233904,572,bubble-and-squeak-558
284126,279,steak-and-ale-pie-866
89193,81,ploughman's-lunch-441
127854,597,bubble-and-squeak-803
79430,573,poitin-78
165309,910,cottage-pie-473
234961,45,fish-and-chips-353
247070,629,cottage-pie-949
74194,408,bubble-and-squeak-568
152342,461,fish-and-chips-417
101558,988,steak-and-ale-pie-417
192031,610,ploughman's-lunch-622
76687,977,poitin-519
156581,563,ploughman's-lunch-575
183968,671,poitin-852
221,622,steak-and-ale-pie-953
248819,711,ploughman's-lunch-373
43726,792,fish-and-chips-441
251597,465,cottage-pie-943
191783,739,bubble-and-squeak-215
4439,449,cottage-pie-243
147729,664,steak-and-ale-pie-550
101923,529,cottage-pie-231
208418,91,steak-and-ale-pie-553
255618,42,bubble-and-squeak-430
262124,256,poitin-778
33098,287,poitin-814
117434,704,ploughman's-lunch-871
36089,375,steak-and-ale-pie-32
40366,904,bubble-and-squeak-9
117879,370,cottage-pie-934
129429,949,cottage-pie-328
127218,689,poitin-637
274576,926,bubble-and-squeak-636
83483,983,ploughman's-lunch-261
229373,171,steak-and-ale-pie-861
76537,857,bubble-and-squeak-418
269013,793,fish-and-chips-334
102779,416,ploughman's-lunch-785
185203,689,ploughman's-lunch-550
144908,843,steak-and-ale-pie-527
42015,142,bubble-and-squeak-480
205583,588,bubble-and-squeak-787
180969,207,fish-and-chips-868
82258,29,cottage-pie-863
142825,22,poitin-941
268837,284,poitin-341
73455,478,steak-and-ale-pie-803
5145,729,fish-and-chips-77
296894,903,steak-and-ale-pie-180
75200,859,fish-and-chips-710
254568,744,cottage-pie-132
250440,399,fish-and-chips-668
241846,320,poitin-651
237375,215,cottage-pie-877
39880,91,bubble-and-squeak-650
166840,273,bubble-and-squeak-377
297904,654,cottage-pie-193
203435,902,poitin-786
245503,266,bubble-and-squeak-876
48437,613,poitin-790
220493,933,ploughman's-lunch-254
254966,213,steak-and-ale-pie-529
76625,312,steak-and-ale-pie-177
164574,834,cottage-pie-473
22568,420,fish-and-chips-356
229625,987,cottage-pie-677
251057,731,fish-and-chips-579
10415,928,ploughman's-lunch-530
156210,801,poitin-90
262102,351,ploughman's-lunch-801
65633,554,bubble-and-squeak-152
252610,369,steak-and-ale-pie-805
45429,747,bubble-and-squeak-539
250823,150,fish-and-chips-516
193183,841,fish-and-chips-734
170602,92,ploughman's-lunch-773
235223,173,poitin-792
294010,607,bubble-and-squeak-262
105272,543,poitin-790
75137,766,fish-and-chips-191
37568,948,ploughman's-lunch-989
234846,392,cottage-pie-407
231504,976,ploughman's-lunch-661
216670,661,fish-and-chips-380
158716,930,poitin-696
15484,329,poitin-687
220021,25,bubble-and-squeak-637
80894,395,cottage-pie-844
287849,522,cottage-pie-373
71077,253,fish-and-chips-115
160647,845,steak-and-ale-pie-333
197029,826,fish-and-chips-525
212188,551,bubble-and-squeak-456
71655,234,bubble-and-squeak-774
187783,770,fish-and-chips-602
283627,308,ploughman's-lunch-722
120009,966,ploughman's-lunch-910
208052,54,fish-and-chips-92
31764,63,poitin-19
259528,389,steak-and-ale-pie-213
43981,519,cottage-pie-695
24976,842,ploughman's-lunch-409
104174,681,poitin-770
28517,254,poitin-126
24924,125,steak-and-ale-pie-564
54986,916,bubble-and-squeak-446
239564,48,poitin-501
186385,95,ploughman's-lunch-790
243688,457,poitin-167
108257,704,poitin-144
270826,370,cottage-pie-441
31050,952,bubble-and-squeak-43
273118,207,bubble-and-squeak-584
257510,409,steak-and-ale-pie-875
73330,120,bubble-and-squeak-705
12548,942,ploughman's-lunch-96
134575,598,fish-and-chips-891
217570,235,bubble-and-squeak-370
137967,637,cottage-pie-805
204673,883,steak-and-ale-pie-726
163937,405,bubble-and-squeak-7
10860,795,bubble-and-squeak-623
63579,781,cottage-pie-699
214192,779,poitin-144
110756,263,cottage-pie-935
217063,182,bubble-and-squeak-680
211686,995,ploughman's-lunch-412
7411,175,cottage-pie-564
49388,654,fish-and-chips-666
5216,592,steak-and-ale-pie-815
112568,139,poitin-28
263838,504,bubble-and-squeak-352
242740,453,cottage-pie-72
34226,328,bubble-and-squeak-852
104459,546,ploughman's-lunch-887
113978,285,cottage-pie-757
36554,170,steak-and-ale-pie-707
34637,62,fish-and-chips-36
89544,341,bubble-and-squeak-518
82227,812,poitin-652
283809,769,poitin-212
249085,20,ploughman's-lunch-773
43811,677,poitin-208
120616,81,ploughman's-lunch-957
40793,810,fish-and-chips-108
1006,284,ploughman's-lunch-385
141396,538,poitin-795
159360,778,fish-and-chips-377
102449,154,cottage-pie-348
73805,11,steak-and-ale-pie-104
283246,584,steak-and-ale-pie-364
150773,599,steak-and-ale-pie-497
202988,885,fish-and-chips-762
279819,469,bubble-and-squeak-431
183052,118,steak-and-ale-pie-92
258496,275,steak-and-ale-pie-479
182977,588,ploughman's-lunch-64
109986,410,bubble-and-squeak-588
127847,1,ploughman's-lunch-629
260425,423,bubble-and-squeak-648
183563,911,bubble-and-squeak-401
256107,884,cottage-pie-589
232846,183,ploughman's-lunch-108
16945,254,cottage-pie-574
180584,746,fish-and-chips-965
100374,685,bubble-and-squeak-843
150429,982,cottage-pie-691
203810,505,cottage-pie-727
115179,178,bubble-and-squeak-668
101630,362,steak-and-ale-pie-93
64264,336,ploughman's-lunch-677
260397,271,bubble-and-squeak-155
202417,802,fish-and-chips-13
210513,131,steak-and-ale-pie-274
298376,946,poitin-770
254042,11,cottage-pie-230
237918,173,steak-and-ale-pie-600
128912,868,steak-and-ale-pie-867
88787,387,cottage-pie-539
168495,668,cottage-pie-650
156927,768,cottage-pie-312
58770,894,ploughman's-lunch-800
218383,436,steak-and-ale-pie-215
294465,921,ploughman's-lunch-386
206416,323,poitin-317
256660,221,poitin-110
66438,347,fish-and-chips-503
44344,24,poitin-112
117922,70,bubble-and-squeak-76
259167,585,bubble-and-squeak-564
171944,705,bubble-and-squeak-342
225133,473,bubble-and-squeak-286
159022,540,ploughman's-lunch-653
243190,386,steak-and-ale-pie-368
183611,295,bubble-and-squeak-454
154750,668,ploughman's-lunch-195
204488,259,bubble-and-squeak-92
63361,826,cottage-pie-452
250141,799,ploughman's-lunch-739
135062,568,poitin-605
292332,646,cottage-pie-604
92282,510,ploughman's-lunch-324
164072,555,ploughman's-lunch-205
193532,260,bubble-and-squeak-501
78098,975,bubble-and-squeak-409
220859,840,fish-and-chips-321
249513,434,steak-and-ale-pie-184
150715,823,bubble-and-squeak-255
60093,715,steak-and-ale-pie-692
84254,10,cottage-pie-380
283942,984,steak-and-ale-pie-365
51769,481,bubble-and-squeak-155
60504,28,cottage-pie-851
210277,816,poitin-714
94626,472,steak-and-ale-pie-572
229955,379,bubble-and-squeak-826
78381,822,ploughman's-lunch-347
195024,170,cottage-pie-275
286238,311,fish-and-chips-924
270191,686,ploughman's-lunch-817
255624,705,fish-and-chips-958
230535,723,bubble-and-squeak-698
90397,865,bubble-and-squeak-734
85688,284,poitin-1000
290663,434,fish-and-chips-536
272251,683,steak-and-ale-pie-803
108070,751,poitin-179
52275,903,bubble-and-squeak-684
42774,774,cottage-pie-189
286025,832,cottage-pie-10
222272,27,poitin-985
220221,92,poitin-677
238582,484,bubble-and-squeak-592
218232,946,bubble-and-squeak-54
57680,520,bubble-and-squeak-560
239083,151,fish-and-chips-570
45388,434,ploughman's-lunch-622
146041,966,cottage-pie-988
247652,239,steak-and-ale-pie-636
90799,385,poitin-164
271795,4,ploughman's-lunch-209
213301,642,cottage-pie-168
257879,233,fish-and-chips-759
21443,965,fish-and-chips-33
73958,902,poitin-30
13928,989,cottage-pie-280
24368,440,poitin-750
292481,711,ploughman's-lunch-44
279603,328,cottage-pie-35
126559,748,poitin-161
44889,299,steak-and-ale-pie-466
146837,374,poitin-942
11340,213,bubble-and-squeak-47
251342,799,cottage-pie-830
8010,829,fish-and-chips-865
164217,525,cottage-pie-308
32887,706,cottage-pie-413
28961,613,steak-and-ale-pie-927
11838,16,steak-and-ale-pie-982
75890,493,steak-and-ale-pie-971
171279,301,ploughman's-lunch-839
127167,942,steak-and-ale-pie-520
30698,576,fish-and-chips-584
7040,604,steak-and-ale-pie-225
81182,679,fish-and-chips-854
238658,799,steak-and-ale-pie-33
200109,164,bubble-and-squeak-243
79034,439,fish-and-chips-705
216121,811,bubble-and-squeak-778
193376,678,poitin-184
139485,824,cottage-pie-18
293520,971,bubble-and-squeak-713
54831,34,poitin-816
244109,948,ploughman's-lunch-803
24610,568,bubble-and-squeak-169
50349,193,poitin-901
168547,336,cottage-pie-199
102136,775,poitin-92
237349,257,fish-and-chips-613
100630,426,ploughman's-lunch-378
198644,854,fish-and-chips-633
266326,480,steak-and-ale-pie-725
244009,682,ploughman's-lunch-375
159262,532,bubble-and-squeak-837
275334,748,poitin-235
252157,329,cottage-pie-992
237496,240,poitin-26
22989,783,bubble-and-squeak-974
99064,559,poitin-934
254748,88,ploughman's-lunch-896
48482,123,fish-and-chips-725
31313,131,poitin-118
122474,863,cottage-pie-342
8165,666,fish-and-chips-3
98828,747,ploughman's-lunch-172
91371,892,fish-and-chips-275
137528,929,cottage-pie-93
200203,314,cottage-pie-86
280398,504,bubble-and-squeak-30
275754,177,poitin-940
100961,475,bubble-and-squeak-494
173805,793,ploughman's-lunch-949
176385,595,fish-and-chips-972
275600,575,bubble-and-squeak-574
253163,221,ploughman's-lunch-236
199533,518,bubble-and-squeak-415
203617,223,bubble-and-squeak-173
57763,27,ploughman's-lunch-441
214999,124,fish-and-chips-102
291990,224,bubble-and-squeak-840
281444,921,steak-and-ale-pie-327
286469,727,poitin-492
148118,906,bubble-and-squeak-12
182876,732,bubble-and-squeak-243
74556,531,poitin-817
37227,811,poitin-828
234173,199,steak-and-ale-pie-914
28506,205,poitin-746
266816,402,poitin-932
146526,557,ploughman's-lunch-344
6423,361,ploughman's-lunch-235
75636,159,ploughman's-lunch-42
93139,774,poitin-158
211605,701,steak-and-ale-pie-849
111077,962,bubble-and-squeak-591
190011,357,poitin-128
266985,491,bubble-and-squeak-885
257108,764,bubble-and-squeak-454
289883,718,poitin-813
289673,492,cottage-pie-975
286456,875,steak-and-ale-pie-714
119266,104,poitin-551
261213,113,poitin-618
21805,911,steak-and-ale-pie-334
16756,636,steak-and-ale-pie-402
124048,758,steak-and-ale-pie-107
209899,473,fish-and-chips-767
176887,910,ploughman's-lunch-603
115743,633,bubble-and-squeak-517
58891,32,fish-and-chips-467
7625,325,bubble-and-squeak-842
139701,976,fish-and-chips-191
1215,260,bubble-and-squeak-386
174522,815,fish-and-chips-465
34335,469,ploughman's-lunch-927
204682,582,steak-and-ale-pie-2
179049,408,bubble-and-squeak-664
58807,37,poitin-86
161726,428,ploughman's-lunch-341
63063,416,poitin-671
130144,485,bubble-and-squeak-411
150116,648,bubble-and-squeak-906
253367,683,poitin-812
184605,205,steak-and-ale-pie-250
145882,856,cottage-pie-456
197840,565,bubble-and-squeak-298
50445,588,poitin-765
112768,43,cottage-pie-38
204250,851,steak-and-ale-pie-742
185706,319,steak-and-ale-pie-928
105126,454,poitin-194
90259,90,bubble-and-squeak-249
170021,968,bubble-and-squeak-418
180307,999,poitin-361
287093,249,cottage-pie-435
27735,899,bubble-and-squeak-688
217603,230,poitin-513
100946,963,steak-and-ale-pie-325
65548,793,poitin-703
142174,774,ploughman's-lunch-507
183855,332,poitin-755
2691,684,steak-and-ale-pie-16
284620,292,poitin-92
202414,806,steak-and-ale-pie-792
160811,975,bubble-and-squeak-110
212797,431,ploughman's-lunch-965
121153,238,steak-and-ale-pie-899
102314,158,ploughman's-lunch-944
254288,15,steak-and-ale-pie-177
48098,799,cottage-pie-462
17232,215,fish-and-chips-153
233495,441,ploughman's-lunch-463
176340,62,ploughman's-lunch-134
172488,199,bubble-and-squeak-333
37887,753,cottage-pie-291
281207,862,steak-and-ale-pie-565
293990,170,steak-and-ale-pie-914
35852,724,poitin-768
17678,35,ploughman's-lunch-685
17860,559,fish-and-chips-91
32707,691,fish-and-chips-414
20938,938,bubble-and-squeak-488
15767,193,steak-and-ale-pie-97
93804,837,bubble-and-squeak-884
79026,523,bubble-and-squeak-924
90624,1000,cottage-pie-837
137329,811,fish-and-chips-813
172981,980,cottage-pie-321
64100,245,poitin-839
47262,750,cottage-pie-426
197308,151,steak-and-ale-pie-817
299149,662,fish-and-chips-112
28300,480,poitin-155
198232,620,fish-and-chips-435
219474,595,ploughman's-lunch-367
255938,289,bubble-and-squeak-55
213055,434,poitin-249
106570,708,steak-and-ale-pie-451
232261,804,bubble-and-squeak-465
295660,858,ploughman's-lunch-849
204723,296,bubble-and-squeak-850
61548,775,cottage-pie-374
235604,598,bubble-and-squeak-241
259172,558,steak-and-ale-pie-6
154265,321,cottage-pie-412
36860,461,poitin-690
256651,228,fish-and-chips-996
207347,549,fish-and-chips-843
197907,921,ploughman's-lunch-412
91478,412,poitin-460
138945,520,steak-and-ale-pie-977
267791,711,fish-and-chips-1
80642,212,ploughman's-lunch-826
60111,128,poitin-925
291217,684,steak-and-ale-pie-767
47240,840,ploughman's-lunch-974
58342,330,steak-and-ale-pie-227
176085,718,ploughman's-lunch-629
56965,512,steak-and-ale-pie-447
38617,281,poitin-277
174264,405,steak-and-ale-pie-231
91567,266,cottage-pie-305
125238,991,steak-and-ale-pie-445
146019,377,poitin-225
70973,463,fish-and-chips-679
13598,908,poitin-740
124574,502,fish-and-chips-12
31428,793,cottage-pie-702
280632,977,cottage-pie-576
214192,859,steak-and-ale-pie-842
226726,342,fish-and-chips-356
73442,59,ploughman's-lunch-822
208727,879,poitin-247
282072,800,fish-and-chips-488
195768,374,steak-and-ale-pie-941
292131,691,poitin-112
174446,735,ploughman's-lunch-782
90798,478,bubble-and-squeak-834
31528,53,fish-and-chips-686
266669,29,fish-and-chips-810
9787,939,cottage-pie-948
49238,602,ploughman's-lunch-932
166750,710,cottage-pie-864
26514,862,fish-and-chips-350
282750,937,poitin-78
152792,969,steak-and-ale-pie-409
84360,812,fish-and-chips-244
296405,686,cottage-pie-691
274053,224,steak-and-ale-pie-383
274363,491,cottage-pie-793
233284,292,ploughman's-lunch-918
200787,834,poitin-923
177136,34,steak-and-ale-pie-658
204680,135,cottage-pie-188
199752,990,steak-and-ale-pie-222
254921,273,cottage-pie-417
235605,641,bubble-and-squeak-710
101345,602,bubble-and-squeak-594
22697,951,fish-and-chips-496
215519,636,poitin-756
205394,628,ploughman's-lunch-365
40036,33,poitin-836
143670,787,fish-and-chips-512
219403,942,steak-and-ale-pie-12
275147,603,cottage-pie-966
139145,535,steak-and-ale-pie-477
125668,659,cottage-pie-426
188939,338,bubble-and-squeak-162
90563,335,cottage-pie-342
191150,60,steak-and-ale-pie-889
184756,669,cottage-pie-692
232418,615,ploughman's-lunch-223
131636,185,ploughman's-lunch-224
172210,889,bubble-and-squeak-352
53689,122,steak-and-ale-pie-101
194484,648,ploughman's-lunch-300
233516,463,steak-and-ale-pie-751
191317,661,steak-and-ale-pie-879
227809,374,fish-and-chips-971
48248,384,steak-and-ale-pie-955
31148,231,steak-and-ale-pie-787
190872,657,bubble-and-squeak-404
67671,587,bubble-and-squeak-100
254790,535,bubble-and-squeak-124
127711,98,fish-and-chips-550
164753,365,fish-and-chips-335
177832,167,cottage-pie-949
25783,549,fish-and-chips-775
19572,868,cottage-pie-677
106929,10,cottage-pie-742
102192,736,poitin-224
134255,549,ploughman's-lunch-562
93921,690,poitin-67
98215,302,cottage-pie-177
245063,257,cottage-pie-861
172471,845,poitin-707
140915,750,ploughman's-lunch-73
